{
  "version":  "0.6.0",
  "energy":    -4.8983591408103184E+03,
  "energies": [
    -5.6957579091277610E-01,
    -5.6957579091277599E-01,
    -5.6957579091277621E-01,
    -5.6957579091277644E-01,
    -5.6957579132977143E-01,
    -5.6957579132977199E-01,
    -5.6957579132977088E-01,
    -5.6957579132977154E-01,
    -5.6968319872828144E-01,
    -5.6968319872828088E-01,
    -5.6968319872828144E-01,
    -5.6968319872828155E-01,
    -5.6968319922895927E-01,
    -5.6968319922895949E-01,
    -5.6968319922896005E-01,
    -5.6968319922895938E-01,
    -5.6957364920837128E-01,
    -5.6957364920837139E-01,
    -5.6957364920837106E-01,
    -5.6957364920837028E-01,
    -5.6957364962544310E-01,
    -5.6957364962544355E-01,
    -5.6957364962544366E-01,
    -5.6957364962544288E-01,
    -5.6968234541478335E-01,
    -5.6968234541478324E-01,
    -5.6968234541478402E-01,
    -5.6968234541478380E-01,
    -5.6968234591564915E-01,
    -5.6968234591564904E-01,
    -5.6968234591564826E-01,
    -5.6968234591564881E-01,
    -5.6968734055174775E-01,
    -5.6968734055174852E-01,
    -5.6968734055174841E-01,
    -5.6968734055174808E-01,
    -5.6968734057071402E-01,
    -5.6968734057071413E-01,
    -5.6968734057071446E-01,
    -5.6968734057071491E-01,
    -5.6957920708939735E-01,
    -5.6957920708939735E-01,
    -5.6957920708939658E-01,
    -5.6957920708939658E-01,
    -5.6957920710780363E-01,
    -5.6957920710780341E-01,
    -5.6957920710780308E-01,
    -5.6957920710780352E-01,
    -5.6967934733267367E-01,
    -5.6967934733267234E-01,
    -5.6967934733267267E-01,
    -5.6967934733267311E-01,
    -5.6967934735163173E-01,
    -5.6967934735163039E-01,
    -5.6967934735162984E-01,
    -5.6967934735163095E-01,
    -5.6956961030737441E-01,
    -5.6956961030737308E-01,
    -5.6956961030737385E-01,
    -5.6956961030737363E-01,
    -5.6956961032577635E-01,
    -5.6956961032577591E-01,
    -5.6956961032577491E-01,
    -5.6956961032577558E-01,
    -5.7018740921061351E-01,
    -5.7018740921061262E-01,
    -5.7018740921061362E-01,
    -5.7018740921061328E-01,
    -5.7018740977385352E-01,
    -5.7018740977385374E-01,
    -5.7018740977385429E-01,
    -5.7018740977385285E-01,
    -5.7018725872098142E-01,
    -5.7018725872098164E-01,
    -5.7018725872098130E-01,
    -5.7018725872098219E-01,
    -5.7018725781191992E-01,
    -5.7018725781191926E-01,
    -5.7018725781191859E-01,
    -5.7018725781191948E-01,
    -5.7018453158047455E-01,
    -5.7018453158047422E-01,
    -5.7018453158047500E-01,
    -5.7018453158047389E-01,
    -5.7018453214367171E-01,
    -5.7018453214367060E-01,
    -5.7018453214367093E-01,
    -5.7018453214367171E-01,
    -5.7018439935555110E-01,
    -5.7018439935555043E-01,
    -5.7018439935555043E-01,
    -5.7018439935554999E-01,
    -5.7018439844655289E-01,
    -5.7018439844655200E-01,
    -5.7018439844655378E-01,
    -5.7018439844655300E-01,
    -5.7018665306979999E-01,
    -5.7018665306979943E-01,
    -5.7018665306979954E-01,
    -5.7018665306979910E-01,
    -5.7018665057344420E-01,
    -5.7018665057344353E-01,
    -5.7018665057344420E-01,
    -5.7018665057344287E-01,
    -5.7018657134928619E-01,
    -5.7018657134928563E-01,
    -5.7018657134928541E-01,
    -5.7018657134928608E-01,
    -5.7018657166315745E-01,
    -5.7018657166315800E-01,
    -5.7018657166315778E-01,
    -5.7018657166315612E-01,
    -5.7018449159068474E-01,
    -5.7018449159068374E-01,
    -5.7018449159068429E-01,
    -5.7018449159068296E-01,
    -5.7018448909430586E-01,
    -5.7018448909430675E-01,
    -5.7018448909430564E-01,
    -5.7018448909430541E-01,
    -5.7018440975206652E-01,
    -5.7018440975206675E-01,
    -5.7018440975206641E-01,
    -5.7018440975206541E-01,
    -5.7018441006592147E-01,
    -5.7018441006591958E-01,
    -5.7018441006591991E-01,
    -5.7018441006591924E-01,
    -7.5401624031829371E+01,
    -7.5401608685565364E+01,
    -7.5401612414736690E+01,
    -7.5401597068472668E+01,
    -7.5401427182897947E+01,
    -7.5401411836634054E+01,
    -7.5401415565805337E+01,
    -7.5401400219541443E+01,
    -7.5401092236609671E+01,
    -7.5401076890495659E+01,
    -7.5401080619630548E+01,
    -7.5401065273516522E+01,
    -7.5400895389597821E+01,
    -7.5400880043483909E+01,
    -7.5400883772618783E+01,
    -7.5400868426504886E+01,
    -7.5400076115128243E+01,
    -7.5400060768577177E+01,
    -7.5400064497818263E+01,
    -7.5400049151267197E+01,
    -7.5399879268210370E+01,
    -7.5399863921659289E+01,
    -7.5399867650900376E+01,
    -7.5399852304349309E+01,
    -7.5399543960895897E+01,
    -7.5399528615031500E+01,
    -7.5399532344105737E+01,
    -7.5399516998241339E+01,
    -7.5399347122782473E+01,
    -7.5399331776918061E+01,
    -7.5399335505992298E+01,
    -7.5399320160127886E+01,
    -7.5394772302455863E+01,
    -7.5394756999662647E+01,
    -7.5394760718270220E+01,
    -7.5394745415476990E+01,
    -7.5394576016968173E+01,
    -7.5394560714174943E+01,
    -7.5394564432782516E+01,
    -7.5394549129989286E+01,
    -7.5394242642573076E+01,
    -7.5394227340120992E+01,
    -7.5394231058645687E+01,
    -7.5394215756193617E+01,
    -7.5394046361454073E+01,
    -7.5394031059001975E+01,
    -7.5394034777526684E+01,
    -7.5394019475074586E+01,
    -7.5393224529883071E+01,
    -7.5393209227188279E+01,
    -7.5393212945771950E+01,
    -7.5393197643077144E+01,
    -7.5393028238718472E+01,
    -7.5393012936023936E+01,
    -7.5393016654607536E+01,
    -7.5393001351913000E+01,
    -7.5392694532727887E+01,
    -7.5392679230239423E+01,
    -7.5392682948772958E+01,
    -7.5392667646284508E+01,
    -7.5392498244216441E+01,
    -7.5392482941728247E+01,
    -7.5392486660261710E+01,
    -7.5392471357773516E+01
  ]
}
