{
  "version":  "0.6.0",
  "energy":    -7.6432560701615145E+01,
  "energies": [
    -7.5305135788939410E+01,
    -5.6371245633787226E-01,
    -5.6371245633787392E-01
  ],
  "virial": [
    -1.0868371123905361E-01,
    -8.7174500299640046E-18,
     1.6828940773106103E-16,
    -8.7174520033258133E-18,
     2.1404462201689013E-04,
    -7.3483353861706470E-18,
     1.5614634339922338E-16,
    -7.3483353345665282E-18,
    -6.3178012420695470E-02
  ],
  "gradient": [
    -7.6354937997291650E-17,
     1.5422837686142008E-17,
     6.6546270925593967E-02,
    -3.7981808173338939E-02,
    -1.3794421085512767E-17,
    -3.3273135462796880E-02,
     3.7981808173338981E-02,
    -1.6284166006292381E-18,
    -3.3273135462797088E-02
  ]
}
