{
  "version":  "0.6.0",
  "energy":    -1.6520069787712684E+04,
  "energies": [
    -5.7225486133489323E-01,
    -5.7225486133489145E-01,
    -5.7225486133489278E-01,
    -5.7225486133489112E-01,
    -5.7225486133489445E-01,
    -5.7225486133489312E-01,
    -5.7225486133489323E-01,
    -5.7225486133489356E-01,
    -5.7225486133489345E-01,
    -5.7225486138559245E-01,
    -5.7225486138559245E-01,
    -5.7225486138559523E-01,
    -5.7225486138559389E-01,
    -5.7225486138559278E-01,
    -5.7225486138559190E-01,
    -5.7225486138559278E-01,
    -5.7225486138559289E-01,
    -5.7225486138559267E-01,
    -5.7225486138320214E-01,
    -5.7225486138320025E-01,
    -5.7225486138320081E-01,
    -5.7225486138319970E-01,
    -5.7225486138320181E-01,
    -5.7225486138320170E-01,
    -5.7225486138320170E-01,
    -5.7225486138320070E-01,
    -5.7225486138320136E-01,
    -5.7236584755536535E-01,
    -5.7236584755536501E-01,
    -5.7236584755536379E-01,
    -5.7236584755536568E-01,
    -5.7236584755536457E-01,
    -5.7236584755536468E-01,
    -5.7236584755536501E-01,
    -5.7236584755536546E-01,
    -5.7236584755536279E-01,
    -5.7236584760585774E-01,
    -5.7236584760585885E-01,
    -5.7236584760586051E-01,
    -5.7236584760585996E-01,
    -5.7236584760585951E-01,
    -5.7236584760585951E-01,
    -5.7236584760585874E-01,
    -5.7236584760585951E-01,
    -5.7236584760585807E-01,
    -5.7236584760317499E-01,
    -5.7236584760317644E-01,
    -5.7236584760317333E-01,
    -5.7236584760317444E-01,
    -5.7236584760317522E-01,
    -5.7236584760317488E-01,
    -5.7236584760317633E-01,
    -5.7236584760317477E-01,
    -5.7236584760317288E-01,
    -5.7225279420374719E-01,
    -5.7225279420374697E-01,
    -5.7225279420374831E-01,
    -5.7225279420374597E-01,
    -5.7225279420374719E-01,
    -5.7225279420374664E-01,
    -5.7225279420374708E-01,
    -5.7225279420374753E-01,
    -5.7225279420374753E-01,
    -5.7225279425447961E-01,
    -5.7225279425448028E-01,
    -5.7225279425447950E-01,
    -5.7225279425447939E-01,
    -5.7225279425448095E-01,
    -5.7225279425447928E-01,
    -5.7225279425447961E-01,
    -5.7225279425447884E-01,
    -5.7225279425447928E-01,
    -5.7225279425208930E-01,
    -5.7225279425208875E-01,
    -5.7225279425208986E-01,
    -5.7225279425209075E-01,
    -5.7225279425208952E-01,
    -5.7225279425208952E-01,
    -5.7225279425208930E-01,
    -5.7225279425209019E-01,
    -5.7225279425208975E-01,
    -5.7236488246878237E-01,
    -5.7236488246878048E-01,
    -5.7236488246878292E-01,
    -5.7236488246878414E-01,
    -5.7236488246878070E-01,
    -5.7236488246878348E-01,
    -5.7236488246878114E-01,
    -5.7236488246878325E-01,
    -5.7236488246878092E-01,
    -5.7236488251932993E-01,
    -5.7236488251932982E-01,
    -5.7236488251932760E-01,
    -5.7236488251932582E-01,
    -5.7236488251932693E-01,
    -5.7236488251932693E-01,
    -5.7236488251932705E-01,
    -5.7236488251932660E-01,
    -5.7236488251932671E-01,
    -5.7236488251664075E-01,
    -5.7236488251663964E-01,
    -5.7236488251663931E-01,
    -5.7236488251664075E-01,
    -5.7236488251664119E-01,
    -5.7236488251663908E-01,
    -5.7236488251664119E-01,
    -5.7236488251663964E-01,
    -5.7236488251663853E-01,
    -5.7237002590165176E-01,
    -5.7237002590165165E-01,
    -5.7237002590165242E-01,
    -5.7237002590165065E-01,
    -5.7237002590165220E-01,
    -5.7237002590165320E-01,
    -5.7237002590165220E-01,
    -5.7237002590165309E-01,
    -5.7237002590165276E-01,
    -5.7237002591625663E-01,
    -5.7237002591625774E-01,
    -5.7237002591625774E-01,
    -5.7237002591625796E-01,
    -5.7237002591625985E-01,
    -5.7237002591625774E-01,
    -5.7237002591625608E-01,
    -5.7237002591625652E-01,
    -5.7237002591625630E-01,
    -5.7237002591190878E-01,
    -5.7237002591190844E-01,
    -5.7237002591190889E-01,
    -5.7237002591191088E-01,
    -5.7237002591190977E-01,
    -5.7237002591190944E-01,
    -5.7237002591190855E-01,
    -5.7237002591190822E-01,
    -5.7237002591190855E-01,
    -5.7225799471840622E-01,
    -5.7225799471840433E-01,
    -5.7225799471840566E-01,
    -5.7225799471840721E-01,
    -5.7225799471840577E-01,
    -5.7225799471840799E-01,
    -5.7225799471840699E-01,
    -5.7225799471840777E-01,
    -5.7225799471840666E-01,
    -5.7225799473171313E-01,
    -5.7225799473171290E-01,
    -5.7225799473171324E-01,
    -5.7225799473171290E-01,
    -5.7225799473171191E-01,
    -5.7225799473171379E-01,
    -5.7225799473171124E-01,
    -5.7225799473171346E-01,
    -5.7225799473171401E-01,
    -5.7225799472787042E-01,
    -5.7225799472787342E-01,
    -5.7225799472787087E-01,
    -5.7225799472787287E-01,
    -5.7225799472787231E-01,
    -5.7225799472787109E-01,
    -5.7225799472787131E-01,
    -5.7225799472787009E-01,
    -5.7225799472787364E-01,
    -5.7236202890945720E-01,
    -5.7236202890945620E-01,
    -5.7236202890945742E-01,
    -5.7236202890945675E-01,
    -5.7236202890945875E-01,
    -5.7236202890945742E-01,
    -5.7236202890945564E-01,
    -5.7236202890945764E-01,
    -5.7236202890945609E-01,
    -5.7236202892400756E-01,
    -5.7236202892400789E-01,
    -5.7236202892400845E-01,
    -5.7236202892400734E-01,
    -5.7236202892401067E-01,
    -5.7236202892400734E-01,
    -5.7236202892400623E-01,
    -5.7236202892400811E-01,
    -5.7236202892400734E-01,
    -5.7236202891971255E-01,
    -5.7236202891971466E-01,
    -5.7236202891971411E-01,
    -5.7236202891971533E-01,
    -5.7236202891971621E-01,
    -5.7236202891971166E-01,
    -5.7236202891971366E-01,
    -5.7236202891971377E-01,
    -5.7236202891971200E-01,
    -5.7224887018242954E-01,
    -5.7224887018242865E-01,
    -5.7224887018242809E-01,
    -5.7224887018243042E-01,
    -5.7224887018242954E-01,
    -5.7224887018243076E-01,
    -5.7224887018242854E-01,
    -5.7224887018242898E-01,
    -5.7224887018242943E-01,
    -5.7224887019568238E-01,
    -5.7224887019568083E-01,
    -5.7224887019568171E-01,
    -5.7224887019568027E-01,
    -5.7224887019568427E-01,
    -5.7224887019568216E-01,
    -5.7224887019567972E-01,
    -5.7224887019568116E-01,
    -5.7224887019568205E-01,
    -5.7224887019189830E-01,
    -5.7224887019189696E-01,
    -5.7224887019189741E-01,
    -5.7224887019190085E-01,
    -5.7224887019189952E-01,
    -5.7224887019189619E-01,
    -5.7224887019189596E-01,
    -5.7224887019189574E-01,
    -5.7224887019189696E-01,
    -5.7234244739396500E-01,
    -5.7234244739396267E-01,
    -5.7234244739396312E-01,
    -5.7234244739396156E-01,
    -5.7234244739396312E-01,
    -5.7234244739396256E-01,
    -5.7234244739396167E-01,
    -5.7234244739396090E-01,
    -5.7234244739396201E-01,
    -5.7234244744047802E-01,
    -5.7234244744047680E-01,
    -5.7234244744047813E-01,
    -5.7234244744047891E-01,
    -5.7234244744047669E-01,
    -5.7234244744047835E-01,
    -5.7234244744047591E-01,
    -5.7234244744047813E-01,
    -5.7234244744047835E-01,
    -5.7234244745039242E-01,
    -5.7234244745038998E-01,
    -5.7234244745038998E-01,
    -5.7234244745038998E-01,
    -5.7234244745039220E-01,
    -5.7234244745038987E-01,
    -5.7234244745039020E-01,
    -5.7234244745038942E-01,
    -5.7234244745039053E-01,
    -5.7234232524969275E-01,
    -5.7234232524969231E-01,
    -5.7234232524969286E-01,
    -5.7234232524969375E-01,
    -5.7234232524969497E-01,
    -5.7234232524969364E-01,
    -5.7234232524969397E-01,
    -5.7234232524969231E-01,
    -5.7234232524969109E-01,
    -5.7234232531110385E-01,
    -5.7234232531110385E-01,
    -5.7234232531110085E-01,
    -5.7234232531110452E-01,
    -5.7234232531110274E-01,
    -5.7234232531110141E-01,
    -5.7234232531110074E-01,
    -5.7234232531110152E-01,
    -5.7234232531110130E-01,
    -5.7234232512366245E-01,
    -5.7234232512366201E-01,
    -5.7234232512366157E-01,
    -5.7234232512366212E-01,
    -5.7234232512366423E-01,
    -5.7234232512366257E-01,
    -5.7234232512366157E-01,
    -5.7234232512366379E-01,
    -5.7234232512366301E-01,
    -5.7233958034765287E-01,
    -5.7233958034765264E-01,
    -5.7233958034765331E-01,
