{
  "version":  "0.6.0",
  "energy":    -7.3460167992734914E+03,
  "energies": [
    -5.6935679549364659E-01,
    -5.6935730311475730E-01,
    -5.6935198673795906E-01,
    -5.6946750362500065E-01,
    -5.6935863623796978E-01,
    -5.6931981384184971E-01,
    -5.6933405160409867E-01,
    -5.6941000361000971E-01,
    -5.6935821561642408E-01,
    -5.6932311522360690E-01,
    -5.6933334104597810E-01,
    -5.6941301653661147E-01,
    -5.6935850190427617E-01,
    -5.6931973124629043E-01,
    -5.6933392849748299E-01,
    -5.6940993229244419E-01,
    -5.6935870770116159E-01,
    -5.6932003847960200E-01,
    -5.6933409768135268E-01,
    -5.6941020291517030E-01,
    -5.6935835461069739E-01,
    -5.6931993330421282E-01,
    -5.6933384707567669E-01,
    -5.6941020322824054E-01,
    -5.6935277871053869E-01,
    -5.6946588495563721E-01,
    -5.6935202873211388E-01,
    -5.6946543710134179E-01,
    -5.6933458380158997E-01,
    -5.6940812736256718E-01,
    -5.6933415547765343E-01,
    -5.6940801091592341E-01,
    -5.6933371530569976E-01,
    -5.6941098019828229E-01,
    -5.6933364112001239E-01,
    -5.6941122027440727E-01,
    -5.6933449885190202E-01,
    -5.6940809431032857E-01,
    -5.6933398535525970E-01,
    -5.6940789250923629E-01,
    -5.6933458781208324E-01,
    -5.6940828445302316E-01,
    -5.6933425614695932E-01,
    -5.6940826485356877E-01,
    -5.6933454919799875E-01,
    -5.6940849723971809E-01,
    -5.6933362714745261E-01,
    -5.6940788719331592E-01,
    -5.6933434182262133E-01,
    -5.6940862650218516E-01,
    -5.6933426344552296E-01,
    -5.6941186208764494E-01,
    -5.6933442963238101E-01,
    -5.6941083044670771E-01,
    -5.6933374646460211E-01,
    -5.6941346128136794E-01,
    -5.6933450286800236E-01,
    -5.6941095602130476E-01,
    -5.6933400123169720E-01,
    -5.6941376874785510E-01,
    -5.6933515719959038E-01,
    -5.6940912779624320E-01,
    -5.6933423104054570E-01,
    -5.6941151334416518E-01,
    -5.6933445646908698E-01,
    -5.6941094445529628E-01,
    -5.6933386711825129E-01,
    -5.6941366929409620E-01,
    -5.6935902757098067E-01,
    -5.6932063230572361E-01,
    -5.6935879165921022E-01,
    -5.6932371210054078E-01,
    -5.6933470290773780E-01,
    -5.6940870275256150E-01,
    -5.6935270686059636E-01,
    -5.6946615559235947E-01,
    -5.6933441276046026E-01,
    -5.6941052917514046E-01,
    -5.6935249639034669E-01,
    -5.6946807396149202E-01,
    -5.6933458463482389E-01,
    -5.6941075349325720E-01,
    -5.6935263740367181E-01,
    -5.6946826690601293E-01,
    -5.6933501025676536E-01,
    -5.6940869615650447E-01,
    -5.6935335479407811E-01,
    -5.6946649956009976E-01,
    -5.6933449156937899E-01,
    -5.6941069519493670E-01,
    -5.6935255206125079E-01,
    -5.6946821670684711E-01,
    -5.6935914588320269E-01,
    -5.6932046927142688E-01,
    -5.6935743201076072E-01,
    -5.6935798150771788E-01,
    -5.6937171148085375E-01,
    -5.6938471468384899E-01,
    -5.6938116425121177E-01,
    -5.6939192490803658E-01,
    -5.6937126318956433E-01,
    -5.6939715084610731E-01,
    -5.6937928524642878E-01,
    -5.6940294442746120E-01,
    -5.6937158889669759E-01,
    -5.6939720790618709E-01,
    -5.6937979870946986E-01,
    -5.6940318933934175E-01,
    -5.6937154531487277E-01,
    -5.6939679550521283E-01,
    -5.6937944957981912E-01,
    -5.6940247124862686E-01,
    -5.6937133691771247E-01,
    -5.6939723722320634E-01,
    -5.6937941102312051E-01,
    -5.6940308286263719E-01,
    -5.6936454685649351E-01,
    -5.6939234877898293E-01,
    -5.6937152851218165E-01,
    -5.6939712274355636E-01,
    -5.6938092294139708E-01,
    -5.6939131587235114E-01,
    -5.6938313709321486E-01,
    -5.6938129083460254E-01,
    -5.6937921880725328E-01,
    -5.6940251082487048E-01,
    -5.6938063306878850E-01,
    -5.6939169220005292E-01,
    -5.6937959132653493E-01,
    -5.6940261476280662E-01,
    -5.6938119851341618E-01,
    -5.6939198877990160E-01,
    -5.6937946713625531E-01,
    -5.6940212173039373E-01,
    -5.6938079648032858E-01,
    -5.6939121723489583E-01,
    -5.6937929878304738E-01,
    -5.6940260345151761E-01,
    -5.6938075818051803E-01,
    -5.6939182998184690E-01,
    -5.6937159280651384E-01,
    -5.6939681997589719E-01,
    -5.6937166474973577E-01,
    -5.6938467275649451E-01,
    -5.6937712903563209E-01,
    -5.6938909736022747E-01,
    -5.6937423844992063E-01,
    -5.6938617635981981E-01,
    -5.6938021159764207E-01,
    -5.6940430927165941E-01,
    -5.6937591254193043E-01,
    -5.6939999443676026E-01,
    -5.6938033906190022E-01,
    -5.6940452884506310E-01,
    -5.6937617222293735E-01,
    -5.6940034707776777E-01,
    -5.6938021106005399E-01,
    -5.6940426642769482E-01,
    -5.6937577125053263E-01,
    -5.6939981116653404E-01,
    -5.6938028697936582E-01,
    -5.6940439758524952E-01,
    -5.6937603213137744E-01,
    -5.6940012698437203E-01,
    -5.6938521169626644E-01,
    -5.6940940204512447E-01,
    -5.6938025596442166E-01,
    -5.6940443888032943E-01,
    -5.6937390322131298E-01,
    -5.6938570407111522E-01,
    -5.6937278006907754E-01,
    -5.6937247558755943E-01,
    -5.6937576837559434E-01,
    -5.6939971318748617E-01,
    -5.6937399889679019E-01,
    -5.6938585521740182E-01,
    -5.6937589259857491E-01,
    -5.6939993028791835E-01,
    -5.6937430578844039E-01,
    -5.6938625481177652E-01,
    -5.6937571887811989E-01,
    -5.6939962171154013E-01,
    -5.6937381442032131E-01,
    -5.6938562860748532E-01,
    -5.6937584173350908E-01,
    -5.6939979949756214E-01,
    -5.6937412617049732E-01,
    -5.6938599544955959E-01,
    -5.6938023073021349E-01,
    -5.6940427698851692E-01,
    -5.6937708168621037E-01,
    -5.6938905424548036E-01,
    -7.5387535429627818E+01,
    -7.5387239778167029E+01,
    -7.5387320507020732E+01,
    -7.5387267944744977E+01,
    -7.5387769490858133E+01,
    -7.5387231341900119E+01,
    -7.5387508257839656E+01,
    -7.5387212788911242E+01,
    -7.5386946344863347E+01,
    -7.5386657453348732E+01,
    -7.5386731492087065E+01,
    -7.5386685897299515E+01,
    -7.5386948728039329E+01,
    -7.5386653225254889E+01,
    -7.5386733534513866E+01,
    -7.5386681325132969E+01,
    -7.5386365363773990E+01,
    -7.5386070470629534E+01,
    -7.5386149905669058E+01,
    -7.5386098509395921E+01,
    -7.5386365378279990E+01,
    -7.5386068177748172E+01,
    -7.5386150232088951E+01,
    -7.5386096530286466E+01,
    -7.5385640895611488E+01,
    -7.5385587321986876E+01,
    -7.5385610053413288E+01,
    -7.5385564985671081E+01,
    -7.5385829004728890E+01,
    -7.5385532002546299E+01,
    -7.5385798145904246E+01,
    -7.5385509639494344E+01,
    -7.5385052393632975E+01,
    -7.5385005745622919E+01,
    -7.5385020691564065E+01,
    -7.5384982538177951E+01,
    -7.5385053827336776E+01,
    -7.5385000613363019E+01,
    -7.5385023179387943E+01,
    -7.5384978457477089E+01,
    -7.5384470376322412E+01,
    -7.5384417979204969E+01,
    -7.5384439365408653E+01,
    -7.5384395447353953E+01,
    -7.5384470256608509E+01,
    -7.5384415546192059E+01,
    -7.5384440271863184E+01,
    -7.5384394037381682E+01,
    -7.5380280263769464E+01,
    -7.5379794351470622E+01,
    -7.5380266484693237E+01,
    -7.5379758146508863E+01,
    -7.5380273702861430E+01,
    -7.5379853276904740E+01,
    -7.5380255177396904E+01,
    -7.5379812329084700E+01,
    -7.5379690950086669E+01,
    -7.5379269653421645E+01,
    -7.5379672141313137E+01,
    -7.5379228421894510E+01,
    -7.5379688345363235E+01,
    -7.5379268458714904E+01,
    -7.5379670120457405E+01,
    -7.5379227811741202E+01,
    -7.5379105871812897E+01,
    -7.5378684587392243E+01,
    -7.5379087328809618E+01,
    -7.5378643623212469E+01,
    -7.5379096400268281E+01,
    -7.5378697163610170E+01,
    -7.5379078994417412E+01,
    -7.5378657322852661E+01,
    -7.5378585424732933E+01,
    -7.5378077927774669E+01,
    -7.5378569346227493E+01,
    -7.5377995757450748E+01,
    -7.5378573824329678E+01,
    -7.5378131313428000E+01,
    -7.5378558566487428E+01,
    -7.5378049941975945E+01,
    -7.5377991075095125E+01,
