{
  "version":  "0.6.0",
  "energy":    -7.6432502175703362E+01,
  "energies": [
    -7.5305066961073223E+01,
    -5.6371760731506571E-01,
    -5.6371760731506548E-01
  ],
  "virial": [
    -1.0889249674413926E-01,
     3.7882530653165033E-17,
    -5.1383041072116661E-18,
     3.7882530611867671E-17,
     5.1875078260169687E-06,
     3.2360028794722822E-17,
    -1.0342474535142087E-17,
     3.2360028794719568E-17,
    -6.3400190526672048E-02
  ],
  "gradient": [
     3.7269449679189215E-18,
    -6.7914747247524955E-17,
     6.6545826120922622E-02,
    -3.7981813118815357E-02,
     6.0383253092396786E-17,
    -3.3272913060461304E-02,
     3.7981813118815336E-02,
     7.5314941551281598E-18,
    -3.3272913060461276E-02
  ]
}
