{
  "version":  "0.5.0",
  "energy":    -4.8958428857000690E+03,
  "energies": [
    -5.7144663873302726E-01,
    -5.7144973507643759E-01,
    -5.7144617227383721E-01,
    -5.7145038616228350E-01,
    -5.7145454606332236E-01,
    -5.7144599634690951E-01,
    -5.7145407974353535E-01,
    -5.7144664753093000E-01,
    -5.7155786352320936E-01,
    -5.7156039924427482E-01,
    -5.7155723483788379E-01,
    -5.7156035267303718E-01,
    -5.7155054403460548E-01,
    -5.7155864661450229E-01,
    -5.7154991540949074E-01,
    -5.7155860012374260E-01,
    -5.7144884711835875E-01,
    -5.7144812483525709E-01,
    -5.7144766603645158E-01,
    -5.7144690584105007E-01,
    -5.7144513096140781E-01,
    -5.7144477350156098E-01,
    -5.7144394989013336E-01,
    -5.7144355453068085E-01,
    -5.7155989013516018E-01,
    -5.7155862031076465E-01,
    -5.7155928847960946E-01,
    -5.7155799075311509E-01,
    -5.7155812450892329E-01,
    -5.7155659108061019E-01,
    -5.7155752283525396E-01,
    -5.7155596162278000E-01,
    -5.7151867946052903E-01,
    -5.7152390728388092E-01,
    -5.7151866746712454E-01,
    -5.7152741721542522E-01,
    -5.7155964557591599E-01,
    -5.7156459108853774E-01,
    -5.7155963371613827E-01,
    -5.7156810096198984E-01,
    -5.7142326593186721E-01,
    -5.7142950756900834E-01,
    -5.7142269974806692E-01,
    -5.7141507619883602E-01,
    -5.7146251200609854E-01,
    -5.7146812005761094E-01,
    -5.7146194584261722E-01,
    -5.7145368967565391E-01,
    -5.7151964434852875E-01,
    -5.7151809836811474E-01,
    -5.7151594377267678E-01,
    -5.7151453004434283E-01,
    -5.7156032683654279E-01,
    -5.7155945429945931E-01,
    -5.7155662648563332E-01,
    -5.7155588616629172E-01,
    -5.7140619095519762E-01,
    -5.7140586978014651E-01,
    -5.7142050727203342E-01,
    -5.7141961001076824E-01,
    -5.7144482524186391E-01,
    -5.7144471661401663E-01,
    -5.7145914071603454E-01,
    -5.7145845588677358E-01,
    -5.7142470487899022E-01,
    -5.7143358890462426E-01,
    -5.7142194706070748E-01,
    -5.7143316933072785E-01,
    -5.7143275227534374E-01,
    -5.7144433015428497E-01,
    -5.7142999421445595E-01,
    -5.7144391061663846E-01,
    -5.7143189872768319E-01,
    -5.7143961962834022E-01,
    -5.7142914073994799E-01,
    -5.7143920008208504E-01,
    -5.7144797980748541E-01,
    -5.7144241146790042E-01,
    -5.7144522197695047E-01,
    -5.7144199191704104E-01,
    -5.7141973599911811E-01,
    -5.7141889782896993E-01,
    -5.7142191758297545E-01,
    -5.7142144623783553E-01,
    -5.7142784592621021E-01,
    -5.7142707443820973E-01,
    -5.7143002780575614E-01,
    -5.7142962312673096E-01,
    -5.7142696812893212E-01,
    -5.7142618887235586E-01,
    -5.7142914991702154E-01,
    -5.7142873746109757E-01,
    -5.7144310063495318E-01,
    -5.7144225403654536E-01,
    -5.7144528227170754E-01,
    -5.7144480247905094E-01,
    -5.7153061187902643E-01,
    -5.7154157977814468E-01,
    -5.7153102870165418E-01,
    -5.7154095681341910E-01,
    -5.7143227924444129E-01,
    -5.7144111583638346E-01,
    -5.7143269654173867E-01,
    -5.7144049157478183E-01,
    -5.7142083958083001E-01,
    -5.7142960400713638E-01,
    -5.7142125685480083E-01,
    -5.7142897973948559E-01,
    -5.7135037662823218E-01,
    -5.7136164723759852E-01,
    -5.7135079405131350E-01,
    -5.7136102245613862E-01,
    -5.7152934048506010E-01,
    -5.7152899412397706E-01,
    -5.7152841636478013E-01,
    -5.7152792250839490E-01,
    -5.7143122295158422E-01,
    -5.7143076487295874E-01,
    -5.7143029739208140E-01,
    -5.7142969137979338E-01,
    -5.7141972241364591E-01,
    -5.7141931268806978E-01,
    -5.7141879685416841E-01,
    -5.7141823920747703E-01,
    -5.7134932220725476E-01,
    -5.7134877835575004E-01,
    -5.7134839615412925E-01,
    -5.7134770419505154E-01,
    -7.5358892530329399E+01,
    -7.5358855053104108E+01,
    -7.5358866830408800E+01,
    -7.5358827853213469E+01,
    -7.5358515438826245E+01,
    -7.5358485658128174E+01,
    -7.5358489742934225E+01,
    -7.5358458460557529E+01,
    -7.5358261274776481E+01,
    -7.5358230409201155E+01,
    -7.5358236313842283E+01,
    -7.5358205128402119E+01,
    -7.5357891931580056E+01,
    -7.5357860583611512E+01,
    -7.5357866977074252E+01,
    -7.5357835309350449E+01,
    -7.5357188009120705E+01,
    -7.5357144870412554E+01,
    -7.5357162577163308E+01,
    -7.5357131264008359E+01,
    -7.5356876776486985E+01,
    -7.5356834031458533E+01,
    -7.5356851326735750E+01,
    -7.5356820390764923E+01,
    -7.5356564987472652E+01,
    -7.5356533343787916E+01,
    -7.5356525874537581E+01,
    -7.5356495007809798E+01,
    -7.5356253779573578E+01,
    -7.5356221859199735E+01,
    -7.5356214661551675E+01,
    -7.5356183520559810E+01,
    -7.5353039129644131E+01,
    -7.5352986502330225E+01,
    -7.5353018008846988E+01,
    -7.5352960485178798E+01,
    -7.5352604117200599E+01,
    -7.5352563221815629E+01,
    -7.5352582978522562E+01,
    -7.5352537205031680E+01,
    -7.5352419988716605E+01,
    -7.5352389264212889E+01,
    -7.5352388792381049E+01,
    -7.5352357093214096E+01,
    -7.5351984835692988E+01,
    -7.5351954128170362E+01,
    -7.5351953660597758E+01,
    -7.5351921978370228E+01,
    -7.5351380984775957E+01,
    -7.5351327234652445E+01,
    -7.5351354375790635E+01,
    -7.5351301832605472E+01,
    -7.5351180719617588E+01,
    -7.5351122361152107E+01,
    -7.5351154112519708E+01,
    -7.5351096962614207E+01,
    -7.5350755813007126E+01,
    -7.5350724441995609E+01,
    -7.5350730398727649E+01,
    -7.5350698919105881E+01,
    -7.5350555666486827E+01,
    -7.5350524435577810E+01,
    -7.5350530254822857E+01,
    -7.5350498915667060E+01
  ]
}
