{
  "version":  "0.5.0",
  "energy":    -3.6708014713127786E+03,
  "energies": [
    -5.7300667347961665E-01,
    -5.7299297458776233E-01,
    -5.7301196213712102E-01,
    -5.7299844466921146E-01,
    -5.7300663143163777E-01,
    -5.7300607807645088E-01,
    -5.7300981305167120E-01,
    -5.7300944107789398E-01,
    -5.7301910984208071E-01,
    -5.7301906655564161E-01,
    -5.7301696719650030E-01,
    -5.7301663846216455E-01,
    -5.7300709616716472E-01,
    -5.7300780470813439E-01,
    -5.7301832393680774E-01,
    -5.7301874694487920E-01,
    -5.7300610177366817E-01,
    -5.7300600612057473E-01,
    -5.7299443180443421E-01,
    -5.7299268884931376E-01,
    -5.7301113264088277E-01,
    -5.7300913072038551E-01,
    -5.7299970972199643E-01,
    -5.7299605990916258E-01,
    -5.7217888654964200E-01,
    -5.7218197355213374E-01,
    -5.7216795430086975E-01,
    -5.7217109464751792E-01,
    -5.7217895958356180E-01,
    -5.7217875157747011E-01,
    -5.7216594335388149E-01,
    -5.7216578852530287E-01,
    -5.7215406589723650E-01,
    -5.7215371033515328E-01,
    -5.7215210082702206E-01,
    -5.7215167686569457E-01,
    -5.7216146429453030E-01,
    -5.7216169932988092E-01,
    -5.7215639378049254E-01,
    -5.7215656035221507E-01,
    -5.7216667385816466E-01,
    -5.7216638479894977E-01,
    -5.7217459006814952E-01,
    -5.7216978990687473E-01,
    -5.7215580896434282E-01,
    -5.7215359645726238E-01,
    -5.7216356448163408E-01,
    -5.7215684008692236E-01,
    -5.7210829915165806E-01,
    -5.7210863906872034E-01,
    -5.7210987908941702E-01,
    -5.7211003432495333E-01,
    -5.7210860231817084E-01,
    -5.7210824018926565E-01,
    -5.7210981023622365E-01,
    -5.7210926339914969E-01,
    -5.7211949951434182E-01,
    -5.7211682577341416E-01,
    -5.7211918997482070E-01,
    -5.7211672817044334E-01,
    -5.7212755405336135E-01,
    -5.7212454271834212E-01,
    -5.7212772104771614E-01,
    -5.7212492159798989E-01,
    -5.7211747877125751E-01,
    -5.7210664704131819E-01,
    -5.7211269466067405E-01,
    -5.7211472118420614E-01,
    -5.7211846102910635E-01,
    -5.7210759268620759E-01,
    -5.7211338227617903E-01,
    -5.7211537231174014E-01,
    -5.7264970190038422E-01,
    -5.7265442608502160E-01,
    -5.7264789030977592E-01,
    -5.7264987396410971E-01,
    -5.7264990718425957E-01,
    -5.7265414647104407E-01,
    -5.7264811096460466E-01,
    -5.7264960969878886E-01,
    -5.7265692239215771E-01,
    -5.7265627533085894E-01,
    -5.7265728098130497E-01,
    -5.7265657589852215E-01,
    -5.7265632255860399E-01,
    -5.7265545366086734E-01,
    -5.7265682891165037E-01,
    -5.7265590195463179E-01,
    -5.7266305450764932E-01,
    -5.7267557521638912E-01,
    -5.7266272357067205E-01,
    -5.7267591698656384E-01,
    -5.7265840169092019E-01,
    -5.7267085523796257E-01,
    -5.7265826304623246E-01,
    -5.7267138926679317E-01,
    -7.5333908680922690E+01,
    -7.5333822302072264E+01,
    -7.5333826062113715E+01,
    -7.5333744184870810E+01,
    -7.5333735678298297E+01,
    -7.5333654329289743E+01,
    -7.5333653309202148E+01,
    -7.5333576457911761E+01,
    -7.5332246910110968E+01,
    -7.5332173372860211E+01,
    -7.5332163132025499E+01,
    -7.5332089955967433E+01,
    -7.5332067099179682E+01,
    -7.5331981982498547E+01,
    -7.5331988614764470E+01,
    -7.5331903858357705E+01,
    -7.5330607919640457E+01,
    -7.5330522086996851E+01,
    -7.5330522904317363E+01,
    -7.5330437370782960E+01,
    -7.5330436417668039E+01,
    -7.5330349649278418E+01,
    -7.5330339447932971E+01,
    -7.5330252981633436E+01,
    -7.5329865824065948E+01,
    -7.5329779893631468E+01,
    -7.5329774972910030E+01,
    -7.5329689441387131E+01,
    -7.5329685732360801E+01,
    -7.5329600218577568E+01,
    -7.5329594859590586E+01,
    -7.5329509744543032E+01,
    -7.5328217224642344E+01,
    -7.5328119299057875E+01,
    -7.5328126295494627E+01,
    -7.5328027989119548E+01,
    -7.5328030782347568E+01,
    -7.5327933407578783E+01,
    -7.5327939583546367E+01,
    -7.5327841827634060E+01,
    -7.5326557395851296E+01,
    -7.5326477628574892E+01,
    -7.5326471739259517E+01,
    -7.5326380823769796E+01,
    -7.5326377195438425E+01,
    -7.5326298349143400E+01,
    -7.5326291776117614E+01,
    -7.5326201784800872E+01
  ]
}
