{
  "version":  "0.6.0",
  "energy":    -9.1927020194753038E+02,
  "energies": [
    -5.6769743663709760E-01,
    -5.6726034670204484E-01,
    -5.6820361666138042E-01,
    -5.6495897377403448E-01,
    -5.6769711169559234E-01,
    -5.6726079093561244E-01,
    -5.6820506722716380E-01,
    -5.6495639520531693E-01,
    -5.6769706940134113E-01,
    -5.6726014141094827E-01,
    -5.6820410983940672E-01,
    -5.6495823894229613E-01,
    -5.6769748655518515E-01,
    -5.6726039640487025E-01,
    -5.6820360135922920E-01,
    -5.6495895039781385E-01,
    -5.6769708185382617E-01,
    -5.6726078605126840E-01,
    -5.6820506037704066E-01,
    -5.6495635365998276E-01,
    -5.6769710174415211E-01,
    -5.6726016165376525E-01,
    -5.6820411748942268E-01,
    -5.6495826779891978E-01,
    -7.5476257236560855E+01,
    -7.5473433359303485E+01,
    -7.5475188231866639E+01,
    -7.5472003826802137E+01,
    -7.5473752595689206E+01,
    -7.5470939954653474E+01,
    -7.5472658590882332E+01,
    -7.5469809717936812E+01,
    -7.5471589525299251E+01,
    -7.5468380068374984E+01,
    -7.5470154015101031E+01,
    -7.5467316161282483E+01
  ]
}
