{
  "version":  "0.6.0",
  "energy":    -7.6619468063876934E+02,
  "energies": [
    -5.6372535641304911E-01,
    -5.6195330827360468E-01,
    -5.6331205339437640E-01,
    -5.6226448697907150E-01,
    -5.6721773094063477E-01,
    -5.6682720936317721E-01,
    -5.6489143225893057E-01,
    -5.6634794954726519E-01,
    -5.6550503918087414E-01,
    -5.6603004749712327E-01,
    -5.6550506552332336E-01,
    -5.6602981060144952E-01,
    -5.6372551306848728E-01,
    -5.6195346854349892E-01,
    -5.6331198437196695E-01,
    -5.6226449236985743E-01,
    -5.6721765930615642E-01,
    -5.6682707329720994E-01,
    -5.6489133203765785E-01,
    -5.6634788173079897E-01,
    -7.5488357475140504E+01,
    -7.5489841061856453E+01,
    -7.5494668577390556E+01,
    -7.5489170467378443E+01,
    -7.5492667529458714E+01,
    -7.5494588800023820E+01,
    -7.5489013472415536E+01,
    -7.5492596936518680E+01,
    -7.5485535205150811E+01,
    -7.5482092218737250E+01
  ]
}
