{
  "version":  "0.6.0",
  "energy":    -7.6435005435640278E+01,
  "energies": [
    -7.5307747290621506E+01,
    -5.6362907250938477E-01,
    -5.6362907250938565E-01
  ],
  "virial": [
    -1.0280090623799389E-01,
     1.0182496077306598E-17,
     4.8469618829195129E-17,
     1.0182496174912984E-17,
     6.0980863876449239E-03,
    -2.8652530450254452E-18,
     4.6734895353218322E-17,
    -2.8652529558717117E-18,
    -5.7002652986286505E-02
  ],
  "gradient": [
     1.2094275234075802E-16,
     6.0124315081793780E-18,
     6.6300064338311829E-02,
    -3.7981977028200803E-02,
     4.1113729080257368E-18,
    -3.3150032169155831E-02,
     3.7981977028200629E-02,
    -1.0123804416205115E-17,
    -3.3150032169155984E-02
  ]
}
