{
  "version":  "0.5.0",
  "energy":    -9.1818657784880600E+02,
  "energies": [
    -5.7199443789770121E-01,
    -5.7191007309956576E-01,
    -5.7189752689323159E-01,
    -5.7186926245741365E-01,
    -5.7032522063035884E-01,
    -5.7186770141165022E-01,
    -5.7166564572504686E-01,
    -5.7204478447253360E-01,
    -5.7167218365501515E-01,
    -5.7135193169487974E-01,
    -5.7055501509104356E-01,
    -5.7135485982174339E-01,
    -5.7164994840754302E-01,
    -5.7164820192960974E-01,
    -5.7198881552726810E-01,
    -5.7164155621190804E-01,
    -5.7164649542026702E-01,
    -5.7154488447861185E-01,
    -5.7152297317195710E-01,
    -5.7148557388213794E-01,
    -5.7149753990003771E-01,
    -5.7150634140273626E-01,
    -5.7154192478863775E-01,
    -5.7198647863412111E-01,
    -7.5376785219371357E+01,
    -7.5376173245496901E+01,
    -7.5375598778058475E+01,
    -7.5375462216411933E+01,
    -7.5374881477624044E+01,
    -7.5370695301298255E+01,
    -7.5370108636408617E+01,
    -7.5370773053980230E+01,
    -7.5370053133643736E+01,
    -7.5369462520469980E+01,
    -7.5369753663676676E+01,
    -7.5368661225760818E+01
  ]
}
