{
  "version":  "0.5.0",
  "energy":    -3.6717000335432645E+03,
  "energies": [
    -5.7194577488964393E-01,
    -5.7193197290264552E-01,
    -5.7195109886937590E-01,
    -5.7193747528520722E-01,
    -5.7194573341630772E-01,
    -5.7194516916485705E-01,
    -5.7194895277305891E-01,
    -5.7194856688491535E-01,
    -5.7195824871431278E-01,
    -5.7195820440192235E-01,
    -5.7195610978454703E-01,
    -5.7195577552161980E-01,
    -5.7194612997367544E-01,
    -5.7194684536296603E-01,
    -5.7195745661918740E-01,
    -5.7195788197188713E-01,
    -5.7194530826188050E-01,
    -5.7194521167178769E-01,
    -5.7193353744539310E-01,
    -5.7193180193918969E-01,
    -5.7195036508378128E-01,
    -5.7194836829005713E-01,
    -5.7193884381646098E-01,
    -5.7193520751948168E-01,
    -5.7111387749993414E-01,
    -5.7111698913952669E-01,
    -5.7110285699757091E-01,
    -5.7110602227847318E-01,
    -5.7111395172842994E-01,
    -5.7111372991433829E-01,
    -5.7110085164124935E-01,
    -5.7110068330015229E-01,
    -5.7108921452595540E-01,
    -5.7108885360262618E-01,
    -5.7108725665017046E-01,
    -5.7108682584468196E-01,
    -5.7109665258172704E-01,
    -5.7109688797816438E-01,
    -5.7109155433427938E-01,
    -5.7109171978405215E-01,
    -5.7110169515312825E-01,
    -5.7110140331040515E-01,
    -5.7110965698438465E-01,
    -5.7110485106441222E-01,
    -5.7109073997122894E-01,
    -5.7108853155552042E-01,
    -5.7109854071503952E-01,
    -5.7109181743856940E-01,
    -5.7104218590764677E-01,
    -5.7104252926102206E-01,
    -5.7104377950891805E-01,
    -5.7104393490216110E-01,
    -5.7104249551248376E-01,
    -5.7104212729817594E-01,
    -5.7104372262363678E-01,
    -5.7104316642221742E-01,
    -5.7105334267019592E-01,
    -5.7105063923971588E-01,
    -5.7105304351312725E-01,
    -5.7105055535410032E-01,
    -5.7106147722730904E-01,
    -5.7105843164070413E-01,
    -5.7106166009156167E-01,
    -5.7105882972378896E-01,
    -5.7105150245962544E-01,
    -5.7104057951812681E-01,
    -5.7104671296347287E-01,
    -5.7104873401265077E-01,
    -5.7105249921015666E-01,
    -5.7104152850838652E-01,
    -5.7104741140695392E-01,
    -5.7104938482094136E-01,
    -5.7157971318725564E-01,
    -5.7158446513146188E-01,
    -5.7157790984512047E-01,
    -5.7157988861208020E-01,
    -5.7157992129186974E-01,
    -5.7158417869466871E-01,
    -5.7157813405990565E-01,
    -5.7157961826410764E-01,
    -5.7158704473396138E-01,
    -5.7158639044944215E-01,
    -5.7158740726096402E-01,
    -5.7158669410928864E-01,
    -5.7158644608375497E-01,
    -5.7158556486368861E-01,
    -5.7158696117108299E-01,
    -5.7158602104573863E-01,
    -5.7159320755159049E-01,
    -5.7160581447059655E-01,
    -5.7159288401461228E-01,
    -5.7160617140531889E-01,
    -5.7158852763383716E-01,
    -5.7160106824869117E-01,
    -5.7158839863393429E-01,
    -5.7160161968536072E-01,
    -7.5354812471405225E+01,
    -7.5354724814728058E+01,
    -7.5354728420665467E+01,
    -7.5354645385454873E+01,
    -7.5354636699198750E+01,
    -7.5354554197214313E+01,
    -7.5354552888026603E+01,
    -7.5354475003658109E+01,
    -7.5353126468723104E+01,
    -7.5353051696632718E+01,
    -7.5353041246440128E+01,
    -7.5352966824146606E+01,
    -7.5352943995568310E+01,
    -7.5352857606269509E+01,
    -7.5352864197469827E+01,
    -7.5352778157096509E+01,
    -7.5351462934333810E+01,
    -7.5351375835967559E+01,
    -7.5351376716789872E+01,
    -7.5351289911154311E+01,
    -7.5351288662639419E+01,
    -7.5351200631754082E+01,
    -7.5351190447323489E+01,
    -7.5351102712170857E+01,
    -7.5350717701326403E+01,
    -7.5350630486149626E+01,
    -7.5350625509777501E+01,
    -7.5350538700540667E+01,
    -7.5350534932872506E+01,
    -7.5350448142458987E+01,
    -7.5350442731549876E+01,
    -7.5350356346897740E+01,
    -7.5349044880630004E+01,
    -7.5348945641482032E+01,
    -7.5348952608274260E+01,
    -7.5348852998428526E+01,
    -7.5348855875011097E+01,
    -7.5348757183886505E+01,
    -7.5348763330610907E+01,
    -7.5348664268435272E+01,
    -7.5347361020765916E+01,
    -7.5347279889528991E+01,
    -7.5347274164345706E+01,
    -7.5347181851713799E+01,
    -7.5347178169711214E+01,
    -7.5347097959131645E+01,
    -7.5347091542428146E+01,
    -7.5347000153672553E+01
  ]
}
