{
  "version":  "0.5.0",
  "energy":    -6.9953884449745337E+03,
  "energies": [
    -3.2216952199541693E-01,
    -3.2216977398365726E-01,
    -3.2216970386902771E-01,
    -3.2216539779849190E-01,
    -3.2216878510043956E-01,
    -3.2216717521487254E-01,
    -3.2216896693291486E-01,
    -3.2216280061199420E-01,
    -3.2220921278553849E-01,
    -3.2220512161904735E-01,
    -3.2220500110596439E-01,
    -3.2219880018998814E-01,
    -3.2220960916082547E-01,
    -3.2220527162063745E-01,
    -3.2220539750638955E-01,
    -3.2219895019589051E-01,
    -3.2220167112671227E-01,
    -3.2219984935868734E-01,
    -3.2220161345565762E-01,
    -3.2219954068052786E-01,
    -3.2220247139618696E-01,
    -3.2219612312803136E-01,
    -3.2220241373021413E-01,
    -3.2219581444762657E-01,
    -3.2216555399536562E-01,
    -3.2216573659300857E-01,
    -3.2217052017388509E-01,
    -3.2216998475202074E-01,
    -3.2216563281270333E-01,
    -3.2216608966001264E-01,
    -3.2217059898580763E-01,
    -3.2217033784475313E-01,
    -3.2178334699770411E-01,
    -3.2178372928976001E-01,
    -3.2178255864824862E-01,
    -3.2178357255592310E-01,
    -3.2178630183474022E-01,
    -3.2178585888651862E-01,
    -3.2178551344759704E-01,
    -3.2178570217285907E-01,
    -3.2216736972518129E-01,
    -3.2216740095274116E-01,
    -3.2216279327204550E-01,
    -3.2216310214097527E-01,
    -3.2217136500382676E-01,
    -3.2217207683151516E-01,
    -3.2216678654639253E-01,
    -3.2216777602572794E-01,
    -3.2215186955630021E-01,
    -3.2214813322260449E-01,
    -3.2215385881818182E-01,
    -3.2214156345928252E-01,
    -3.2215218753495839E-01,
    -3.2214802924125552E-01,
    -3.2215417680782371E-01,
    -3.2214145949529643E-01,
    -3.2220247479088598E-01,
    -3.2220313138272683E-01,
    -3.2220239065388318E-01,
    -3.2219785168557086E-01,
    -3.2220246272114222E-01,
    -3.2219405285467068E-01,
    -3.2220237858189005E-01,
    -3.2218877532160145E-01,
    -3.2215476102875895E-01,
    -3.2214706294293732E-01,
    -3.2215468446468687E-01,
    -3.2214655070624537E-01,
    -3.2215525124090411E-01,
    -3.2214234318714563E-01,
    -3.2215517468453919E-01,
    -3.2214183095032550E-01,
    -3.2202987336264893E-01,
    -3.2202986920512450E-01,
    -3.2203489707147281E-01,
    -3.2203479913588628E-01,
    -3.2203026706879539E-01,
    -3.2203031327437431E-01,
    -3.2203529082310750E-01,
    -3.2203524325773453E-01,
    -3.2195780385092926E-01,
    -3.2195788654107838E-01,
    -3.2195777594080766E-01,
    -3.2195789624851823E-01,
    -3.2196649898088914E-01,
    -3.2196644759768361E-01,
    -3.2196647101539699E-01,
    -3.2196645726042672E-01,
    -3.2203484277327449E-01,
    -3.2203484814911321E-01,
    -3.2203034826758692E-01,
    -3.2203040101990466E-01,
    -3.2203991913871921E-01,
    -3.2203997025894199E-01,
    -3.2203542263848944E-01,
    -3.2203552113850065E-01,
    -3.2223029696978422E-01,
    -3.2223655138015117E-01,
    -3.2223258708719776E-01,
    -3.2223649089967493E-01,
    -3.2222936033187305E-01,
    -3.2223689520398785E-01,
    -3.2223165034707069E-01,
    -3.2223683472773967E-01,
    -3.2221832706043185E-01,
    -3.2222524217540455E-01,
    -3.2222750310675280E-01,
    -3.2222524614047438E-01,
    -3.2221778314068933E-01,
    -3.2222534734324765E-01,
    -3.2222695943922142E-01,
    -3.2222535127609492E-01,
    -3.2043320862875707E-01,
    -3.2044163407261872E-01,
    -3.2043661495295778E-01,
    -3.2044114503674570E-01,
    -3.2043674071519107E-01,
    -3.2044173690601935E-01,
    -3.2044014741590121E-01,
    -3.2044124787725098E-01,
    -3.2221628837375094E-01,
    -3.2222244559198304E-01,
    -3.2221496220900159E-01,
    -3.2222241795561984E-01,
    -3.2222035068370430E-01,
    -3.2222272862698553E-01,
    -3.2221902500281141E-01,
    -3.2222270099588002E-01,
    -3.2222810780948974E-01,
    -3.2223479105803232E-01,
    -3.2222779412021862E-01,
    -3.2223517473984542E-01,
    -3.2222612731139150E-01,
    -3.2223512683775068E-01,
    -3.2222581355888907E-01,
    -3.2223551052063598E-01,
    -3.2213489585515176E-01,
    -3.2213484237942003E-01,
    -3.2213007776513186E-01,
    -3.2213007072648064E-01,
    -3.2213249172625685E-01,
    -3.2213254703672412E-01,
    -3.2212767400546477E-01,
    -3.2212777576061197E-01,
    -3.2212642276310954E-01,
    -3.2212649312332542E-01,
    -3.2213538209947501E-01,
    -3.2213536499252665E-01,
    -3.2212764952742001E-01,
    -3.2212776535272508E-01,
    -3.2213660825053941E-01,
    -3.2213663661494440E-01,
    -3.2197046859434475E-01,
    -3.2197055764910254E-01,
    -3.2197280442765908E-01,
    -3.2197287469766739E-01,
    -3.2197123457595023E-01,
    -3.2197124999040566E-01,
    -3.2197357037110524E-01,
    -3.2197356700819835E-01,
    -3.2197193541777785E-01,
    -3.2197194840627619E-01,
    -3.2197178855496061E-01,
    -3.2197184744143792E-01,
    -3.2196796155290647E-01,
    -3.2196804825447090E-01,
    -3.2196781468275237E-01,
    -3.2196794728100775E-01,
    -3.2212300596945065E-01,
    -3.2212306085245263E-01,
    -3.2212398704711687E-01,
    -3.2212399233532940E-01,
    -3.2212525470045000E-01,
    -3.2212533670870003E-01,
    -3.2212623578878619E-01,
    -3.2212626820773349E-01,
    -3.2213520088458236E-01,
    -3.2213523624166490E-01,
    -3.2213592391353452E-01,
    -3.2213597579982983E-01,
    -3.2212604918454490E-01,
    -3.2212611744950748E-01,
    -3.2212677162266118E-01,
    -3.2212685641563227E-01,
    -3.2043224024050471E-01,
    -3.2044079507285894E-01,
    -3.2042983967722544E-01,
    -3.2044068377529739E-01,
    -3.2044227442578066E-01,
    -3.2044054416323647E-01,
    -3.2043987359202064E-01,
    -3.2044043286505652E-01,
    -7.2226662213599994E+01,
    -7.2226646629852240E+01,
    -7.2226648742612483E+01,
    -7.2226654667817570E+01,
    -7.2226637051546305E+01,
    -7.2226627479784597E+01,
    -7.2226623580661638E+01,
    -7.2226635512786984E+01,
    -7.2226460858644430E+01,
    -7.2226466336288283E+01,
    -7.2226436421575841E+01,
    -7.2226449568967240E+01,
    -7.2226433351745698E+01,
    -7.2226438220706839E+01,
    -7.2226408913359037E+01,
    -7.2226421452267772E+01,
    -7.2226132822755432E+01,
    -7.2226124726834101E+01,
    -7.2226119507611457E+01,
    -7.2226111094933458E+01,
    -7.2226105009303524E+01,
    -7.2226118731938428E+01,
    -7.2226091694217772E+01,
    -7.2226105101105617E+01,
    -7.2226463385232563E+01,
    -7.2226446116268221E+01,
    -7.2226427643122548E+01,
    -7.2226412087724469E+01,
    -7.2226437072132953E+01,
    -7.2226419660791507E+01,
    -7.2226401328809487E+01,
    -7.2226385631093081E+01,
    -7.2226127254006016E+01,
    -7.2226110003245708E+01,
    -7.2226134495841151E+01,
    -7.2226117119638459E+01,
    -7.2226079304374167E+01,
    -7.2226061761811266E+01,
    -7.2226086552619364E+01,
    -7.2226068884567411E+01,
    -7.2223992178407372E+01,
    -7.2223975690791050E+01,
    -7.2223967227916759E+01,
    -7.2223961234773896E+01,
    -7.2223968780621405E+01,
    -7.2223948496003146E+01,
    -7.2223943829873647E+01,
    -7.2223934039926618E+01,
    -7.2223677104695042E+01,
    -7.2223662420399663E+01,
    -7.2223668979089211E+01,
    -7.2223650455773125E+01,
    -7.2223661243644401E+01,
    -7.2223633515349974E+01,
    -7.2223653118713983E+01,
    -7.2223621550729135E+01,
    -7.2224198824094330E+01,
    -7.2224182911270532E+01,
    -7.2224177102274055E+01,
    -7.2224162790491022E+01,
    -7.2224182821915946E+01,
    -7.2224167819956207E+01,
    -7.2224161099275335E+01,
    -7.2224147698495386E+01,
    -7.2223870689190150E+01,
    -7.2223857285480960E+01,
    -7.2223847085631007E+01,
    -7.2223832694634069E+01,
    -7.2223840196156814E+01,
    -7.2223826964915290E+01,
    -7.2223816592219293E+01,
    -7.2223802373623656E+01,
    -7.2223566859261382E+01,
    -7.2223551945557460E+01,
    -7.2223553460206716E+01,
    -7.2223538717257711E+01,
    -7.2223527364358546E+01,
    -7.2223514028608548E+01,
    -7.2223513964438752E+01,
    -7.2223500799503412E+01,
    -7.2225127454787270E+01,
