{
  "version":  "0.5.0",
  "energy":    -7.3415675453113035E+03,
  "energies": [
    -5.7054741457213531E-01,
    -5.7054793945172388E-01,
    -5.7054846234695611E-01,
    -5.7054898722724257E-01,
    -5.7053692155428659E-01,
    -5.7053744642989368E-01,
    -5.7053796934913892E-01,
    -5.7053849422544745E-01,
    -5.6944709748833977E-01,
    -5.6944752476562399E-01,
    -5.6944061019393499E-01,
    -5.6944103747506203E-01,
    -5.6944874640058707E-01,
    -5.6944917369972392E-01,
    -5.6944225910860857E-01,
    -5.6944268641158546E-01,
    -5.7134605875370659E-01,
    -5.7134842381406792E-01,
    -5.7134654063135493E-01,
    -5.7134890571791230E-01,
    -5.7134626503303243E-01,
    -5.7134863009900760E-01,
    -5.7134674691391896E-01,
    -5.7134911200608962E-01,
    -5.7053618567993547E-01,
    -5.7053651257952354E-01,
    -5.7053659791623268E-01,
    -5.7053692482371587E-01,
    -5.7053814630066346E-01,
    -5.7053847320820561E-01,
    -5.7053855853585278E-01,
    -5.7053888545128439E-01,
    -5.6943740998456671E-01,
    -5.6943784528279995E-01,
    -5.6943750388655512E-01,
    -5.6943793918553887E-01,
    -5.6944247085166244E-01,
    -5.6944290616248361E-01,
    -5.6944256475198718E-01,
    -5.6944300006355653E-01,
    -5.7134675059532747E-01,
    -5.7134852428934635E-01,
    -5.7134423156478131E-01,
    -5.7134600524831247E-01,
    -5.7134707111898109E-01,
    -5.7134884482255344E-01,
    -5.7134455197951428E-01,
    -5.7134632567260013E-01,
    -5.7054844315546238E-01,
    -5.7053873447402781E-01,
    -5.7054803093901441E-01,
    -5.7053832224181344E-01,
    -5.7054648278629272E-01,
    -5.7053677389947099E-01,
    -5.7054607056873041E-01,
    -5.7053636166614219E-01,
    -5.6943946788145183E-01,
    -5.6944281206948932E-01,
    -5.6943937399677624E-01,
    -5.6944271817287262E-01,
    -5.6943440751223340E-01,
    -5.6943775150244114E-01,
    -5.6943431362589492E-01,
    -5.6943765760415976E-01,
    -5.7134623183396060E-01,
    -5.7135357068049708E-01,
    -5.7134875099420146E-01,
    -5.7135608976170138E-01,
    -5.7134591138686153E-01,
    -5.7135325022131955E-01,
    -5.7134843043818340E-01,
    -5.7135576919360009E-01,
    -5.7053879870753632E-01,
    -5.7054737684595447E-01,
    -5.7053683806816968E-01,
    -5.7054541643197976E-01,
    -5.7053838644506927E-01,
    -5.7054696468993338E-01,
    -5.7053642580458996E-01,
    -5.7054500427484589E-01,
    -5.6944278131635351E-01,
    -5.6944581889376022E-01,
    -5.6943772044740248E-01,
    -5.6944075833849295E-01,
    -5.6944268741180060E-01,
    -5.6944572500354451E-01,
    -5.6943762654118601E-01,
    -5.6944066444660602E-01,
    -5.7135305241667800E-01,
    -5.7134615519007692E-01,
    -5.7135273198652470E-01,
    -5.7134583476699863E-01,
    -5.7135557150060701E-01,
    -5.7134867434033931E-01,
    -5.7135525096153039E-01,
    -5.7134835380834015E-01,
    -5.7053636291826770E-01,
    -5.7053650207806750E-01,
    -5.7053832356433565E-01,
    -5.7053846269352859E-01,
    -5.7053677515279966E-01,
    -5.7053691429932052E-01,
    -5.7053873579775316E-01,
    -5.7053887491367083E-01,
    -5.6943765953031966E-01,
    -5.6943765864921547E-01,
    -5.6944272042136390E-01,
    -5.6944271950297587E-01,
    -5.6943775342461200E-01,
    -5.6943775253731610E-01,
    -5.6944281431399046E-01,
    -5.6944281338941083E-01,
    -5.7134845579359750E-01,
    -5.7134713077510624E-01,
    -5.7134877633316883E-01,
    -5.7134745129090769E-01,
    -5.7134593673767053E-01,
    -5.7134461172371453E-01,
    -5.7134625716832121E-01,
    -5.7134493213059634E-01,
    -5.7135284174387302E-01,
    -5.7134838372243912E-01,
    -5.7135304804910025E-01,
    -5.7134858999974503E-01,
    -5.7135332367059244E-01,
    -5.7134886555500830E-01,
    -5.7135352997905675E-01,
    -5.7134907183555306E-01,
    -5.7053650653521570E-01,
    -5.7053867182568008E-01,
    -5.7054700009270554E-01,
    -5.7054916530341093E-01,
    -5.7053545877559142E-01,
    -5.7053762401768715E-01,
    -5.7054595235311822E-01,
    -5.7054811751545220E-01,
    -5.6943708012158722E-01,
    -5.6944274492655678E-01,
    -5.6943543110536343E-01,
    -5.6944109589884251E-01,
    -5.6944356755658232E-01,
    -5.6944923221242816E-01,
    -5.6944191854278869E-01,
    -5.6944758318714095E-01,
    -5.7134921806475303E-01,
    -5.7134939227116788E-01,
    -5.7134901175395170E-01,
    -5.7134918596512529E-01,
    -5.7134873615361614E-01,
    -5.7134891036097413E-01,
    -5.7134852984605300E-01,
    -5.7134870405817040E-01,
    -5.7053859234857196E-01,
    -5.7053672620580964E-01,
    -5.7053754454885020E-01,
    -5.7053567845561082E-01,
    -5.7054908581781028E-01,
    -5.7054721974698652E-01,
    -5.7054803803811982E-01,
    -5.7054617201682001E-01,
    -5.6944271547481728E-01,
    -5.6943739664425463E-01,
    -5.6944920276750066E-01,
    -5.6944388407703128E-01,
    -5.6944106643181591E-01,
    -5.6943574761038629E-01,
    -5.6944755372692391E-01,
    -5.6944223504559022E-01,
    -5.7134916465192165E-01,
    -5.7134934955511307E-01,
    -5.7134868274959061E-01,
    -5.7134886765003157E-01,
    -5.7134895833870825E-01,
    -5.7134914323140551E-01,
    -5.7134847643961550E-01,
    -5.7134866132956341E-01,
    -5.7054800095110514E-01,
    -5.7054728668806254E-01,
    -5.7053750745486287E-01,
    -5.7053679317005901E-01,
    -5.7054904872394452E-01,
    -5.7054833444036512E-01,
    -5.7053855524773400E-01,
    -5.7053784094239457E-01,
    -5.6944748078879071E-01,
    -5.6944617064058400E-01,
    -5.6944912982207796E-01,
    -5.6944781959987678E-01,
    -5.6944099349378730E-01,
    -5.6943968330802863E-01,
    -5.6944264252949939E-01,
    -5.6944133226974902E-01,
    -7.5338339816365377E+01,
    -7.5338298894545972E+01,
    -7.5338295853869695E+01,
    -7.5338254931531353E+01,
    -7.5338287436220597E+01,
    -7.5338246513669205E+01,
    -7.5338243472038712E+01,
    -7.5338202548968326E+01,
    -7.5337056782642165E+01,
    -7.5337015802360767E+01,
    -7.5337006828403560E+01,
    -7.5336965847922897E+01,
    -7.5336991726646005E+01,
    -7.5336950748033217E+01,
    -7.5336941774468386E+01,
    -7.5336900795656334E+01,
    -7.5336539603397000E+01,
    -7.5336504944353351E+01,
    -7.5336490222217819E+01,
    -7.5336455563364765E+01,
    -7.5336481142448179E+01,
    -7.5336446482600167E+01,
    -7.5336431759207684E+01,
    -7.5336397099550311E+01,
    -7.5336457840605348E+01,
    -7.5336406113785600E+01,
    -7.5336411462544561E+01,
    -7.5336359733360297E+01,
    -7.5336396384439425E+01,
    -7.5336344658241785E+01,
    -7.5336350004317296E+01,
    -7.5336298275755084E+01,
    -7.5335714819642163E+01,
    -7.5335674317705923E+01,
    -7.5335661894196463E+01,
    -7.5335621394121631E+01,
    -7.5335652773385149E+01,
    -7.5335612271485076E+01,
    -7.5335599850000335E+01,
    -7.5335559349961684E+01,
    -7.5333811357422491E+01,
    -7.5333766899289230E+01,
    -7.5333752327252625E+01,
    -7.5333707871848361E+01,
    -7.5333743931325273E+01,
    -7.5333699476168377E+01,
    -7.5333684902751628E+01,
    -7.5333640450323742E+01,
    -7.5333149152802619E+01,
    -7.5333112426246075E+01,
    -7.5333093824948833E+01,
    -7.5333057096905137E+01,
    -7.5333078048395350E+01,
    -7.5333041320299856E+01,
    -7.5333022722137898E+01,
    -7.5332985992555209E+01,
    -7.5332538644193335E+01,
    -7.5332501161564480E+01,
    -7.5332498336423200E+01,
    -7.5332460852235613E+01,
    -7.5332482561036031E+01,
    -7.5332445076696729E+01,
    -7.5332442251579963E+01,
    -7.5332404765682000E+01,
    -7.5331575444429333E+01,
    -7.5331539038134508E+01,
    -7.5331525271375099E+01,
    -7.5331488865248275E+01,
    -7.5331513103844273E+01,
    -7.5331476697775088E+01,
    -7.5331462930342596E+01,
    -7.5331426524441412E+01,
    -7.5331019460327653E+01,
    -7.5330985074702937E+01,
    -7.5330971264184839E+01,
    -7.5330936877051471E+01,
    -7.5330955524084800E+01,
    -7.5330921138588906E+01,
    -7.5330907328406198E+01,
    -7.5330872941401665E+01,
    -7.5330277671490776E+01,
