{
  "version":  "0.6.0",
  "energy":    -6.1349842793166965E+02,
  "energies": [
    -5.6914943329346268E-01,
    -5.6886058548767715E-01,
    -5.6914693677124895E-01,
    -5.6886009311465746E-01,
    -5.6886444449151274E-01,
    -5.6915336397085015E-01,
    -5.6885678249765370E-01,
    -5.6914281639842756E-01,
    -5.6785871988324865E-01,
    -5.6785845589770478E-01,
    -5.6785586447346648E-01,
    -5.6785557778034224E-01,
    -5.6785809640793805E-01,
    -5.6785813484840864E-01,
    -5.6785549764595677E-01,
    -5.6785553593829130E-01,
    -7.5556581877373617E+01,
    -7.5556382401432671E+01,
    -7.5556183877541173E+01,
    -7.5555983279813901E+01,
    -7.5544898799963377E+01,
    -7.5544700145351683E+01,
    -7.5544502434179662E+01,
    -7.5544304777112600E+01
  ]
}
