{
  "version":  "0.6.0",
  "energy":    -7.2304749149832887E+03,
  "energies": [
    -6.0142291968063710E-01,
    -6.0142360038483866E-01,
    -6.0142113776269779E-01,
    -6.0140505682341028E-01,
    -6.0142457513689507E-01,
    -6.0163549043986353E-01,
    -6.0140915989110233E-01,
    -6.0160346059478331E-01,
    -6.0142548457761169E-01,
    -6.0163793729644688E-01,
    -6.0140991296337698E-01,
    -6.0160574729219496E-01,
    -6.0142403810567813E-01,
    -6.0163497347663286E-01,
    -6.0140862470629286E-01,
    -6.0160294653967206E-01,
    -6.0142509835160429E-01,
    -6.0163608444520567E-01,
    -6.0140966864460732E-01,
    -6.0160403902759418E-01,
    -6.0142352579417380E-01,
    -6.0163444434273572E-01,
    -6.0140811757047818E-01,
    -6.0160242842199552E-01,
    -6.0142099740900090E-01,
    -6.0140381422180689E-01,
    -6.0142204728835580E-01,
    -6.0140496324861603E-01,
    -6.0140888401841930E-01,
    -6.0160207814624045E-01,
    -6.0141007273467040E-01,
    -6.0160338330515128E-01,
    -6.0140954850595607E-01,
    -6.0160427555725560E-01,
    -6.0141094181639332E-01,
    -6.0160578621983984E-01,
    -6.0140837386722834E-01,
    -6.0160158920856510E-01,
    -6.0140950835079843E-01,
    -6.0160283993709174E-01,
    -6.0140936669631773E-01,
    -6.0160263041571937E-01,
    -6.0141061463102186E-01,
    -6.0160399493982375E-01,
    -6.0140794384943985E-01,
    -6.0160114839761647E-01,
    -6.0140879192842112E-01,
    -6.0160211188361057E-01,
    -6.0140966843278132E-01,
    -6.0160300490246654E-01,
    -6.0141129637634871E-01,
    -6.0160615313508770E-01,
    -6.0140819899727593E-01,
    -6.0160254660937351E-01,
    -6.0140941779401091E-01,
    -6.0160528455140161E-01,
    -6.0140918061305193E-01,
    -6.0160353318741755E-01,
    -6.0141051264092316E-01,
    -6.0160638466894456E-01,
    -6.0140828986814232E-01,
    -6.0160150970214898E-01,
    -6.0140937264889038E-01,
    -6.0160411084091658E-01,
    -6.0140867929324771E-01,
    -6.0160307189460516E-01,
    -6.0140995545494380E-01,
    -6.0160586733142252E-01,
    -6.0142414551066148E-01,
    -6.0163508469833471E-01,
    -6.0142558024858306E-01,
    -6.0163804839836266E-01,
    -6.0141063398527184E-01,
    -6.0160400339062570E-01,
    -6.0142266842614034E-01,
    -6.0140560750338157E-01,
    -6.0140889307749823E-01,
    -6.0160327282267367E-01,
    -6.0142093574977251E-01,
    -6.0140490171902528E-01,
    -6.0140993520023700E-01,
    -6.0160432005759545E-01,
    -6.0142196511090307E-01,
    -6.0140593131645192E-01,
    -6.0140890864324315E-01,
    -6.0160216043537762E-01,
    -6.0142109020513590E-01,
    -6.0140393127613678E-01,
    -6.0140940480501204E-01,
    -6.0160382959102465E-01,
    -6.0142143452616104E-01,
    -6.0140544315029720E-01,
    -6.0142488705508768E-01,
    -6.0163586487373899E-01,
    -6.0142328408240375E-01,
    -6.0142399269588132E-01,
    -6.0157819114902378E-01,
    -6.0159152804376070E-01,
    -6.0158428334787928E-01,
    -6.0159545100651413E-01,
    -6.0157471338737700E-01,
    -6.0160258865192606E-01,
    -6.0157966712390343E-01,
    -6.0160538265992758E-01,
    -6.0157586428270204E-01,
    -6.0160357196934522E-01,
    -6.0158092842503708E-01,
    -6.0160647659372657E-01,
    -6.0157430769945541E-01,
    -6.0160200967513244E-01,
    -6.0157918874139682E-01,
    -6.0160473086212052E-01,
    -6.0157522825657572E-01,
    -6.0160310373794501E-01,
    -6.0158021381198779E-01,
    -6.0160592958428427E-01,
    -6.0157121643396760E-01,
    -6.0160105633852801E-01,
    -6.0157535578657229E-01,
    -6.0160305497937139E-01,
    -6.0158330346394517E-01,
    -6.0159446277880646E-01,
    -6.0158837397077447E-01,
    -6.0158516653659821E-01,
    -6.0157880515292428E-01,
    -6.0160451231226142E-01,
    -6.0158325114668931E-01,
    -6.0159459690392703E-01,
    -6.0157997930752238E-01,
    -6.0160551914262395E-01,
    -6.0158454390118288E-01,
    -6.0159572216735047E-01,
    -6.0157838001477992E-01,
    -6.0160391375815614E-01,
    -6.0158275985515686E-01,
    -6.0159393198954914E-01,
    -6.0157932298080430E-01,
    -6.0160503038350466E-01,
    -6.0158379842745735E-01,
    -6.0159514447053297E-01,
    -6.0157457019193483E-01,
    -6.0160226135567274E-01,
    -6.0157792937558219E-01,
    -6.0159126831505083E-01,
    -6.0158111195344599E-01,
    -6.0159445966116554E-01,
    -6.0158186036974137E-01,
    -6.0159365821685895E-01,
    -6.0157843925602694E-01,
    -6.0160555861946940E-01,
    -6.0157806051924190E-01,
    -6.0160364016388856E-01,
    -6.0157960957508572E-01,
    -6.0160641001748028E-01,
    -6.0157932812309545E-01,
    -6.0160458889827961E-01,
    -6.0157800099685788E-01,
    -6.0160507432870636E-01,
    -6.0157753757260168E-01,
    -6.0160307147653713E-01,
    -6.0157895518765458E-01,
    -6.0160607055369530E-01,
    -6.0157860535526197E-01,
    -6.0160418098070778E-01,
    -6.0157993348183891E-01,
    -6.0160826273670309E-01,
    -6.0157909188893777E-01,
    -6.0160588782592450E-01,
    -6.0158082300927396E-01,
    -6.0159288363566565E-01,
    -6.0158500452589081E-01,
    -6.0158333144655152E-01,
    -6.0157713690502479E-01,
    -6.0160297946702712E-01,
    -6.0158084031766701E-01,
    -6.0159296388951189E-01,
    -6.0157831884973978E-01,
    -6.0160384254872445E-01,
    -6.0158213435272623E-01,
    -6.0159393895364000E-01,
    -6.0157666983252256E-01,
    -6.0160246660711136E-01,
    -6.0158029568368199E-01,
    -6.0159237323836046E-01,
    -6.0157765272425978E-01,
    -6.0160349127739954E-01,
    -6.0158138896894620E-01,
    -6.0159350854684501E-01,
    -6.0157825106022089E-01,
    -6.0160530970420079E-01,
    -6.0158084932804423E-01,
    -6.0159419926972557E-01,
    -7.4117545215841034E+01,
    -7.4117443800090228E+01,
    -7.4117306113312793E+01,
    -7.4117426042566422E+01,
    -7.4117759772780445E+01,
    -7.4117438535472971E+01,
    -7.4117528823578041E+01,
    -7.4117427568933252E+01,
    -7.4117193236433749E+01,
    -7.4117095514483054E+01,
    -7.4116954136439176E+01,
    -7.4117077900776266E+01,
    -7.4117196734095799E+01,
    -7.4117095435291773E+01,
    -7.4116957445780329E+01,
    -7.4117077634753642E+01,
    -7.4116847449891523E+01,
    -7.4116746555095006E+01,
    -7.4116607977522264E+01,
    -7.4116728714302440E+01,
    -7.4116848700582523E+01,
    -7.4116747790654102E+01,
    -7.4116609399914125E+01,
    -7.4116730117154958E+01,
    -7.4116303782682436E+01,
    -7.4116424568550570E+01,
    -7.4116284760101664E+01,
    -7.4116408874277482E+01,
    -7.4116526781939442E+01,
    -7.4116426022118262E+01,
    -7.4116507748862418E+01,
    -7.4116410309766849E+01,
    -7.4115952105665670E+01,
    -7.4116076696227523E+01,
    -7.4115932571646653E+01,
    -7.4116060481589685E+01,
    -7.4115955054676803E+01,
    -7.4116076104561415E+01,
    -7.4115936153758057E+01,
    -7.4116060521972145E+01,
    -7.4115605696190997E+01,
    -7.4115727296117171E+01,
    -7.4115586572126531E+01,
    -7.4115711480862004E+01,
    -7.4115606842110097E+01,
    -7.4115728416676518E+01,
    -7.4115588332680886E+01,
    -7.4115713214519289E+01,
    -7.4113210884844335E+01,
    -7.4112853554528186E+01,
    -7.4113217626304717E+01,
    -7.4112834382989845E+01,
    -7.4113213890102713E+01,
    -7.4112838546379010E+01,
    -7.4113220428226455E+01,
    -7.4112819119265495E+01,
    -7.4112865071129391E+01,
    -7.4112488967572645E+01,
    -7.4112871448043492E+01,
    -7.4112469378803965E+01,
    -7.4112866261988614E+01,
    -7.4112491227233491E+01,
    -7.4112872996083141E+01,
    -7.4112471996608747E+01,
    -7.4112517634546847E+01,
    -7.4112141548742244E+01,
    -7.4112524175578301E+01,
    -7.4112122125471402E+01,
    -7.4112494392355543E+01,
    -7.4112143925260668E+01,
    -7.4112501503195020E+01,
    -7.4112125064791030E+01,
    -7.4112216203741596E+01,
    -7.4111833520264696E+01,
    -7.4112196696376884E+01,
    -7.4111831733506150E+01,
    -7.4112218830395932E+01,
    -7.4111817640562791E+01,
    -7.4112200092495868E+01,
    -7.4111816611537947E+01,
    -7.4111870032437366E+01,
