{
  "version":  "0.5.0",
  "energy":    -9.1896963268199283E+02,
  "energies": [
    -5.6814154690292828E-01,
    -5.6800747338466717E-01,
    -5.6810083498239006E-01,
    -5.6904597856871109E-01,
    -5.6928599007049441E-01,
    -5.6974771767214138E-01,
    -5.6746224364442632E-01,
    -5.6771374666308316E-01,
    -5.6755327133598676E-01,
    -5.6787783899159872E-01,
    -5.6808340482880293E-01,
    -5.6797210023285150E-01,
    -5.6796042616104148E-01,
    -5.6714666616982368E-01,
    -5.6795451702767064E-01,
    -5.6904096337339238E-01,
    -5.6746895112182205E-01,
    -5.6764499934742807E-01,
    -5.6800327729118893E-01,
    -5.6799052742371847E-01,
    -5.6799151219032895E-01,
    -5.6700462513500960E-01,
    -5.6774517573529415E-01,
    -5.6747845368192762E-01,
    -7.5448213588371559E+01,
    -7.5449406201970220E+01,
    -7.5446596047268685E+01,
    -7.5447784166260689E+01,
    -7.5447156590957746E+01,
    -7.5446147899854878E+01,
    -7.5444168502149921E+01,
    -7.5443531853813383E+01,
    -7.5440672493249025E+01,
    -7.5442236469049433E+01,
    -7.5442042743530294E+01,
    -7.5439253883580278E+01
  ]
}
