{
  "version":  "0.6.0",
  "energy":    -7.6432498874894122E+01,
  "energies": [
    -7.5305058718265499E+01,
    -5.6372007831431037E-01,
    -5.6372007831431148E-01
  ],
  "virial": [
    -1.0889768387857687E-01,
     2.3016432122376312E-18,
    -5.5555786990665847E-17,
     2.3016432101810712E-18,
    -7.2980688854182914E-08,
     1.6183272176250646E-18,
    -6.4229404370549882E-17,
     1.6183272176247279E-18,
    -6.3410598349649891E-02
  ],
  "gradient": [
     1.6798357409947284E-16,
    -3.3964308702630467E-18,
     6.6541364340281017E-02,
    -3.7981796689660313E-02,
     3.2956694662916765E-18,
    -3.3270682170140474E-02,
     3.7981796689660126E-02,
     1.0076140397137023E-19,
    -3.3270682170140536E-02
  ]
}
