{
  "version":  "0.6.0",
  "energy":    -9.1927020194753038E+02,
  "energies": [
    -5.6769743663709671E-01,
    -5.6726034670204495E-01,
    -5.6820361666138031E-01,
    -5.6495897377403481E-01,
    -5.6769711169559134E-01,
    -5.6726079093561266E-01,
    -5.6820506722716357E-01,
    -5.6495639520531771E-01,
    -5.6769706940134101E-01,
    -5.6726014141094905E-01,
    -5.6820410983940817E-01,
    -5.6495823894229591E-01,
    -5.6769748655518537E-01,
    -5.6726039640486892E-01,
    -5.6820360135923054E-01,
    -5.6495895039781385E-01,
    -5.6769708185382584E-01,
    -5.6726078605126773E-01,
    -5.6820506037704066E-01,
    -5.6495635365998365E-01,
    -5.6769710174415089E-01,
    -5.6726016165376603E-01,
    -5.6820411748942301E-01,
    -5.6495826779892022E-01,
    -7.5476257236560855E+01,
    -7.5473433359303485E+01,
    -7.5475188231866639E+01,
    -7.5472003826802137E+01,
    -7.5473752595689206E+01,
    -7.5470939954653474E+01,
    -7.5472658590882332E+01,
    -7.5469809717936798E+01,
    -7.5471589525299251E+01,
    -7.5468380068374984E+01,
    -7.5470154015101031E+01,
    -7.5467316161282483E+01
  ]
}
