route,L_angstrom,cp2k_energy_Eh
0D,,-76.437385109217445
3D,250,-76.437385128332366
