route,L_angstrom,cp2k_energy_Eh,signed_delta_E_vs_0D_Eh,signed_delta_E_vs_0D_kJ_per_mol,cp2k_sha256,normal_termination,qualified
molecular_0D,,-76.437385109217445,0.0,0.0,a606cb0ff838dc1a5f967238154d5c0892da5f5b63488d2c10959ec12d6e4d7c,True,True
periodic_3D,100,-76.437385305373553,-1.96156108e-7,-5.150077908357803e-4,a606cb0ff838dc1a5f967238154d5c0892da5f5b63488d2c10959ec12d6e4d7c,True,True
