{
  "version":  "0.6.0",
  "energy":    -7.3524685201921229E+03,
  "energies": [
    -5.6773164425227474E-01,
    -5.6773223059963707E-01,
    -5.6772644700425057E-01,
    -5.6784617625319056E-01,
    -5.6773355516659896E-01,
    -5.6769116534227870E-01,
    -5.6770806963074816E-01,
    -5.6778456401103294E-01,
    -5.6773320214204526E-01,
    -5.6769465300132405E-01,
    -5.6770741807242631E-01,
    -5.6778775459303443E-01,
    -5.6773337393227052E-01,
    -5.6769103692715261E-01,
    -5.6770789958536338E-01,
    -5.6778444687835350E-01,
    -5.6773367209038683E-01,
    -5.6769144061826393E-01,
    -5.6770816070641761E-01,
    -5.6778481345216769E-01,
    -5.6773319106247089E-01,
    -5.6769119245320376E-01,
    -5.6770777643761383E-01,
    -5.6778466514229842E-01,
    -5.6772723595856189E-01,
    -5.6784440589185459E-01,
    -5.6772657896494372E-01,
    -5.6784416888245115E-01,
    -5.6770859091985892E-01,
    -5.6778252826430875E-01,
    -5.6770825717888063E-01,
    -5.6778262422700210E-01,
    -5.6770777751772317E-01,
    -5.6778555477480863E-01,
    -5.6770780868223825E-01,
    -5.6778601810051599E-01,
    -5.6770846070628400E-01,
    -5.6778245106747938E-01,
    -5.6770803833596983E-01,
    -5.6778245822747864E-01,
    -5.6770863834409047E-01,
    -5.6778273390626632E-01,
    -5.6770840454278770E-01,
    -5.6778292999387503E-01,
    -5.6770847416199044E-01,
    -5.6778280615125787E-01,
    -5.6770762909693107E-01,
    -5.6778239103593020E-01,
    -5.6770843776228752E-01,
    -5.6778322535539449E-01,
    -5.6770847829103865E-01,
    -5.6778670794352981E-01,
    -5.6770838369311682E-01,
    -5.6778531588712711E-01,
    -5.6770779786101455E-01,
    -5.6778817227079281E-01,
    -5.6770854410649685E-01,
    -5.6778553448104896E-01,
    -5.6770814649208490E-01,
    -5.6778857943100403E-01,
    -5.6770912943661200E-01,
    -5.6778348464838990E-01,
    -5.6770829383069366E-01,
    -5.6778608889318216E-01,
    -5.6770845307706042E-01,
    -5.6778547883802644E-01,
    -5.6770796417349734E-01,
    -5.6778843233423282E-01,
    -5.6773393491666535E-01,
    -5.6769196381865272E-01,
    -5.6773380236023530E-01,
    -5.6769527520740715E-01,
    -5.6770887173154738E-01,
    -5.6778338975889864E-01,
    -5.6772732807079496E-01,
    -5.6784495928868761E-01,
    -5.6770842693780799E-01,
    -5.6778509011009115E-01,
    -5.6772695625087666E-01,
    -5.6784674508342059E-01,
    -5.6770868930549478E-01,
    -5.6778541075555189E-01,
    -5.6772718759825358E-01,
    -5.6784703399516012E-01,
    -5.6770903801222727E-01,
    -5.6778312391006169E-01,
    -5.6772783632957080E-01,
    -5.6784504546986247E-01,
    -5.6770854984114383E-01,
    -5.6778530661603299E-01,
    -5.6772705566492654E-01,
    -5.6784693787008012E-01,
    -5.6773410955914494E-01,
    -5.6769187251714659E-01,
    -5.6773232865972922E-01,
    -5.6773295830132342E-01,
    -5.6774456795988970E-01,
    -5.6775810582310016E-01,
    -5.6775453202277204E-01,
    -5.6776590679367311E-01,
    -5.6774400754281729E-01,
    -5.6777076330759235E-01,
    -5.6775251238827240E-01,
    -5.6777711846108136E-01,
    -5.6774442862292096E-01,
    -5.6777090467299307E-01,
    -5.6775312680633472E-01,
    -5.6777745328219242E-01,
    -5.6774426291675051E-01,
    -5.6777034483077049E-01,
    -5.6775264587074237E-01,
    -5.6777657805627280E-01,
    -5.6774412696281551E-01,
    -5.6777089620737753E-01,
    -5.6775268554862712E-01,
    -5.6777730511181435E-01,
    -5.6773689498067004E-01,
    -5.6776547205334083E-01,
    -5.6774432346061787E-01,
    -5.6777077324664948E-01,
    -5.6775422565798550E-01,
    -5.6776520796200880E-01,
    -5.6775657885233022E-01,
    -5.6775502609309358E-01,
    -5.6775238839565378E-01,
    -5.6777660257290541E-01,
    -5.6775392010166159E-01,
    -5.6776560603688808E-01,
    -5.6775285701477629E-01,
    -5.6777679156575511E-01,
    -5.6775458872106155E-01,
    -5.6776599472069100E-01,
    -5.6775260897548274E-01,
    -5.6777614935737220E-01,
    -5.6775405119346090E-01,
    -5.6776506234152357E-01,
    -5.6775251409222027E-01,
    -5.6777674175204351E-01,
    -5.6775409280828881E-01,
    -5.6776579224611112E-01,
    -5.6774433411397152E-01,
    -5.6777039211760705E-01,
    -5.6774449795396564E-01,
    -5.6775804075284175E-01,
    -5.6775033902125016E-01,
    -5.6776280497550224E-01,
    -5.6774718365889831E-01,
    -5.6775993853785001E-01,
    -5.6775351868279078E-01,
    -5.6777825662151871E-01,
    -5.6774892620061945E-01,
    -5.6777396700276639E-01,
    -5.6775373634295900E-01,
    -5.6777856466297316E-01,
    -5.6774928263336499E-01,
    -5.6777441469613021E-01,
    -5.6775348078973698E-01,
    -5.6777816430336814E-01,
    -5.6774874270929976E-01,
    -5.6777372943931081E-01,
    -5.6775363969708570E-01,
    -5.6777839124059226E-01,
    -5.6774909324676670E-01,
    -5.6777414767901491E-01,
    -5.6775887191819541E-01,
    -5.6778338111765791E-01,
    -5.6775360697036714E-01,
    -5.6777842770951081E-01,
    -5.6774677811103691E-01,
    -5.6775938592760922E-01,
    -5.6774560241287897E-01,
    -5.6774597375759361E-01,
    -5.6774871798821558E-01,
    -5.6777361171809415E-01,
    -5.6774686986447842E-01,
    -5.6775954571746046E-01,
    -5.6774893393322790E-01,
    -5.6777391883881156E-01,
    -5.6774727490480559E-01,
    -5.6776004174702166E-01,
    -5.6774862927623715E-01,
    -5.6777346893426150E-01,
    -5.6774664238999872E-01,
    -5.6775926399083043E-01,
    -5.6774883712943236E-01,
    -5.6777374448340312E-01,
    -5.6774704469468829E-01,
    -5.6775973417876024E-01,
    -5.6775352303021154E-01,
    -5.6777819712467592E-01,
    -5.6775026831818398E-01,
    -5.6776273864365412E-01,
    -7.5458200048855389E+01,
    -7.5457873887396403E+01,
    -7.5457993578203855E+01,
    -7.5457901480405098E+01,
    -7.5458424804421185E+01,
    -7.5457865126791248E+01,
    -7.5458171765545984E+01,
    -7.5457845796826604E+01,
    -7.5457586919125589E+01,
    -7.5457267795919009E+01,
    -7.5457380548558348E+01,
    -7.5457295682876506E+01,
    -7.5457589716545058E+01,
    -7.5457263684458326E+01,
    -7.5457382989286629E+01,
    -7.5457291210964186E+01,
    -7.5456982600074994E+01,
    -7.5456657179897661E+01,
    -7.5456775622540206E+01,
    -7.5456684645639811E+01,
    -7.5456982956547989E+01,
    -7.5456655024458414E+01,
    -7.5456776306378714E+01,
    -7.5456682819571810E+01,
    -7.5456246303030866E+01,
    -7.5456152913640679E+01,
    -7.5456213806726652E+01,
    -7.5456129407122461E+01,
    -7.5456424798768907E+01,
    -7.5456097052120853E+01,
    -7.5456392284495493E+01,
    -7.5456073517916266E+01,
    -7.5455633798671712E+01,
    -7.5455547601926426E+01,
    -7.5455600411811105E+01,
    -7.5455523194019506E+01,
    -7.5455635615232893E+01,
    -7.5455542551938905E+01,
    -7.5455603319445956E+01,
    -7.5455519232540851E+01,
    -7.5455028433129200E+01,
    -7.5454936174907402E+01,
    -7.5454995760533563E+01,
    -7.5454912466087961E+01,
    -7.5455028651612068E+01,
    -7.5454933877081046E+01,
    -7.5454997040740096E+01,
    -7.5454911226888697E+01,
    -7.5450667629351159E+01,
    -7.5450165360563858E+01,
    -7.5450652133747965E+01,
    -7.5450127065906671E+01,
    -7.5450660583875390E+01,
    -7.5450229222885071E+01,
    -7.5450640071984779E+01,
    -7.5450185920125548E+01,
    -7.5450054119070870E+01,
    -7.5449621871480005E+01,
    -7.5450033312032403E+01,
    -7.5449578272697110E+01,
    -7.5450051646499375E+01,
    -7.5449620902348656E+01,
    -7.5450031444048648E+01,
    -7.5449577908844731E+01,
    -7.5449445487196201E+01,
    -7.5449013276810007E+01,
    -7.5449424954393862E+01,
    -7.5448969953473537E+01,
    -7.5449436879721091E+01,
    -7.5449027071250512E+01,
    -7.5449417519897992E+01,
    -7.5448984906831399E+01,
    -7.5448903206710938E+01,
    -7.5448379077956915E+01,
    -7.5448886792311654E+01,
    -7.5448291068504062E+01,
    -7.5448890838135171E+01,
    -7.5448437129983390E+01,
    -7.5448875278361712E+01,
    -7.5448349952711183E+01,
    -7.5448284374883556E+01,
