{
  "version":  "0.5.0",
  "energy":    -2.1431185220253815E+03,
  "energies": [
    -5.6952002130040535E-01,
    -5.6548879692955623E-01,
    -5.6927055788214120E-01,
    -5.6605571717117720E-01,
    -5.6599681141926372E-01,
    -5.6672410747324387E-01,
    -5.6753719827379634E-01,
    -5.6870737746749378E-01,
    -5.6597988335733052E-01,
    -5.6709652224840346E-01,
    -5.6860815231753714E-01,
    -5.6504996626327120E-01,
    -5.6790163160131424E-01,
    -5.6625841782627440E-01,
    -5.6951619024066613E-01,
    -5.6549075701843277E-01,
    -5.6927142975350209E-01,
    -5.6605113390870687E-01,
    -5.6600318877327527E-01,
    -5.6672556573362531E-01,
    -5.6754417938739610E-01,
    -5.6871457363578037E-01,
    -5.6597477838292010E-01,
    -5.6709508726241575E-01,
    -5.6860497564089751E-01,
    -5.6504853866924232E-01,
    -5.6790070389304836E-01,
    -5.6625753739057705E-01,
    -5.6952007843194652E-01,
    -5.6548875657182773E-01,
    -5.6927056348190674E-01,
    -5.6605542483716698E-01,
    -5.6599656387150987E-01,
    -5.6672410499900816E-01,
    -5.6753719695061433E-01,
    -5.6870758253779485E-01,
    -5.6598019676206446E-01,
    -5.6709656776299378E-01,
    -5.6860832172634479E-01,
    -5.6504988935006017E-01,
    -5.6790165554554306E-01,
    -5.6625852896185613E-01,
    -5.6951632576014366E-01,
    -5.6549087369461826E-01,
    -5.6927144797399676E-01,
    -5.6605101994776363E-01,
    -5.6600318892339485E-01,
    -5.6672564785901414E-01,
    -5.6754412004563215E-01,
    -5.6871478352570315E-01,
    -5.6597515406303123E-01,
    -5.6709513616226093E-01,
    -5.6860504332635620E-01,
    -5.6504851685797364E-01,
    -5.6790070569647932E-01,
    -5.6625762697461623E-01,
    -7.5411564556639206E+01,
    -7.5408901276815058E+01,
    -7.5411841329202701E+01,
    -7.5408362677180904E+01,
    -7.5410354931070842E+01,
    -7.5408126584064362E+01,
    -7.5405828423103216E+01,
    -7.5409762052367384E+01,
    -7.5406617997459733E+01,
    -7.5409440160994464E+01,
    -7.5404188185834414E+01,
    -7.5406308398930520E+01,
    -7.5405752394189264E+01,
    -7.5403444049059161E+01,
    -7.5407746899285769E+01,
    -7.5403550472780481E+01,
    -7.5406751519876849E+01,
    -7.5404188093977169E+01,
    -7.5406347876097513E+01,
    -7.5403366913857411E+01,
    -7.5401401694964676E+01,
    -7.5405944252255509E+01,
    -7.5401267086364285E+01,
    -7.5404350289642210E+01,
    -7.5400013630706866E+01,
    -7.5402301481884123E+01,
    -7.5400992638132394E+01,
    -7.5399017334821920E+01
  ]
}
