{
  "version":  "0.6.0",
  "energy":    -7.6619009198183062E+02,
  "energies": [
    -5.6575440447944414E-01,
    -5.6575465377437206E-01,
    -5.6603377579218295E-01,
    -5.6602637616032059E-01,
    -5.6368775217800116E-01,
    -5.6368465812336543E-01,
    -5.6182423189981601E-01,
    -5.6182155959931046E-01,
    -5.6351177944310060E-01,
    -5.6351335803005898E-01,
    -5.6258504909462659E-01,
    -5.6258292224072404E-01,
    -5.6703817342239360E-01,
    -5.6704248159265203E-01,
    -5.6701061054794777E-01,
    -5.6701677762339275E-01,
    -5.6485858974102277E-01,
    -5.6486289548657542E-01,
    -5.6676577443999054E-01,
    -5.6676715853542992E-01,
    -7.5495916013162386E+01,
    -7.5495825326917000E+01,
    -7.5489975992645441E+01,
    -7.5489413128284724E+01,
    -7.5484984367768362E+01,
    -7.5484454893197437E+01,
    -7.5485711634234974E+01,
    -7.5485208249362074E+01,
    -7.5490469039939910E+01,
    -7.5489990354113630E+01
  ]
}
