{
  "version":  "0.5.0",
  "energy":    -9.1937124948159487E+02,
  "energies": [
    -5.7391557324801423E-01,
    -5.7391579271861093E-01,
    -5.7391598361170648E-01,
    -5.7391591837108502E-01,
    -5.7389525575591838E-01,
    -5.7389557820204373E-01,
    -5.7389556983624124E-01,
    -5.7389527999951973E-01,
    -5.7391593772053817E-01,
    -5.7391595123207040E-01,
    -5.7391578806857890E-01,
    -5.7391557403172955E-01,
    -5.7391484719907604E-01,
    -5.7391556297041169E-01,
    -5.7391697370859762E-01,
    -5.7391741194251722E-01,
    -5.7391610100482693E-01,
    -5.7391484061325038E-01,
    -5.7391543397529865E-01,
    -5.7391619531436933E-01,
    -5.7391752851921807E-01,
    -5.7391748191019532E-01,
    -5.7391607161738123E-01,
    -5.7391545335733629E-01,
    -7.5472754646906481E+01,
    -7.5471938236750930E+01,
    -7.5471122586889038E+01,
    -7.5470379702748900E+01,
    -7.5469616078829645E+01,
    -7.5468800384910935E+01,
    -7.5464125026127064E+01,
    -7.5463308389010734E+01,
    -7.5462498085139401E+01,
    -7.5461754411576322E+01,
    -7.5460932512313306E+01,
    -7.5460117315463677E+01
  ]
}
