{
  "version":  "0.6.0",
  "energy":    -7.6432499889060239E+01,
  "energies": [
    -7.5305062065599770E+01,
    -5.6371891173023236E-01,
    -5.6371891173023236E-01
  ],
  "virial": [
    -1.0889806436627747E-01,
    -3.7890080947636846E-18,
     1.1115687957654554E-16,
    -3.7890067172209110E-18,
    -4.1293392835242006E-07,
    -5.8466122780932928E-18,
     1.1462632652849915E-16,
    -5.8466122780932928E-18,
    -6.3408534320438539E-02
  ],
  "gradient": [
    -2.6649689399693699E-16,
     1.2270476041446401E-17,
     6.6543564288590470E-02,
    -3.7981807895944200E-02,
    -8.7631027994234305E-18,
    -3.3271782144295277E-02,
     3.7981807895944436E-02,
    -3.5073732420229722E-18,
    -3.3271782144295263E-02
  ]
}
