{
  "version":  "0.6.0",
  "energy":    -9.1904563723695333E+02,
  "energies": [
    -5.6934088678768602E-01,
    -5.6728405975260043E-01,
    -5.7001813126858236E-01,
    -5.6934105445408845E-01,
    -5.6728415288158029E-01,
    -5.7001810833901567E-01,
    -5.6934109447504477E-01,
    -5.6728416608263210E-01,
    -5.7001827936739091E-01,
    -5.6934106138755691E-01,
    -5.6728415026490964E-01,
    -5.7001811062776675E-01,
    -5.6934104810566277E-01,
    -5.6728416865345299E-01,
    -5.7001820015675875E-01,
    -5.7001807993792830E-01,
    -5.6934104438497368E-01,
    -5.6728414787477199E-01,
    -5.7001815089273045E-01,
    -5.6934111191766057E-01,
    -5.6728423751570167E-01,
    -5.7001811002816449E-01,
    -5.6934106464496814E-01,
    -5.6728417291720823E-01,
    -7.5452701263349311E+01,
    -7.5451576138883652E+01,
    -7.5451410479078518E+01,
    -7.5451840123053827E+01,
    -7.5451526420799027E+01,
    -7.5449629008094234E+01,
    -7.5449332981879706E+01,
    -7.5449070459427361E+01,
    -7.5446716872973610E+01,
    -7.5446513510278933E+01,
    -7.5446188295195384E+01,
    -7.5445984891220846E+01
  ]
}
