{
  "version":  "0.6.0",
  "energy":    -7.6432498751529081E+01,
  "energies": [
    -7.5305058300656796E+01,
    -5.6372022543614653E-01,
    -5.6372022543614597E-01
  ],
  "virial": [
    -1.0889761507987476E-01,
     4.4388391213112589E-18,
     7.6261018464729957E-17,
     4.4388419430691019E-18,
    -9.4299182592303417E-09,
     6.3893438491651015E-18,
     7.4526294988753150E-17,
     6.3893444643772111E-18,
    -6.3410841170926532E-02
  ],
  "gradient": [
    -8.8823262980874951E-17,
    -1.3409487152267318E-17,
     6.6541091317984233E-02,
    -3.7981794935094709E-02,
     9.7971038792904406E-18,
    -3.3270545658992123E-02,
     3.7981794935094890E-02,
     3.6123832729768776E-18,
    -3.3270545658992137E-02
  ]
}
