{
  "version":  "0.6.0",
  "energy":    -7.6432498874894122E+01,
  "energies": [
    -7.5305058632556523E+01,
    -5.6372012116880443E-01,
    -5.6372012116880510E-01
  ],
  "virial": [
    -1.0889763478601366E-01,
     2.3224599559226806E-17,
     1.6136614821718809E-16,
     2.3224599571002922E-17,
    -7.2980674129041729E-08,
     1.9499995345550878E-17,
     1.5269253083730405E-16,
     1.9499995345550145E-17,
    -6.3410582837212653E-02
  ],
  "gradient": [
     4.3503612170980865E-17,
    -4.0925179033382441E-17,
     6.6541348061975231E-02,
    -3.7981779566941307E-02,
     3.6655242662477866E-17,
    -3.3270674030987449E-02,
     3.7981779566941348E-02,
     4.2699363709045790E-18,
    -3.3270674030987740E-02
  ]
}
