{
  "version":  "0.6.0",
  "energy":    -6.1327880619807672E+02,
  "energies": [
    -5.6639701368713713E-01,
    -5.6639701302463863E-01,
    -5.6639701221704042E-01,
    -5.6639701573979861E-01,
    -5.6639701625167749E-01,
    -5.6639701302463996E-01,
    -5.6639701573979861E-01,
    -5.6639701221703986E-01,
    -5.6639701896683925E-01,
    -5.6639701896683914E-01,
    -5.6639701046009971E-01,
    -5.6639701544407894E-01,
    -5.6639701544407950E-01,
    -5.6639701625167771E-01,
    -5.6639701046009949E-01,
    -5.6639701368713868E-01,
    -7.5529318172720593E+01,
    -7.5528494477357256E+01,
    -7.5528379017809200E+01,
    -7.5527511423996515E+01,
    -7.5526327018121549E+01,
    -7.5526129088709794E+01,
    -7.5525499453091371E+01,
    -7.5524795314687836E+01
  ]
}
