{
  "version":  "0.5.0",
  "energy":    -9.1808618831503020E+02,
  "energies": [
    -5.6931173756701370E-01,
    -5.6751588942005793E-01,
    -5.6871632018283924E-01,
    -5.6562707205114171E-01,
    -5.6931156675516004E-01,
    -5.6751650507356521E-01,
    -5.6871805696610267E-01,
    -5.6562399286068055E-01,
    -5.6931087445922923E-01,
    -5.6751578504829636E-01,
    -5.6871688593296088E-01,
    -5.6562562006141381E-01,
    -5.6931178683429906E-01,
    -5.6751594076404988E-01,
    -5.6871631097583530E-01,
    -5.6562704565485034E-01,
    -5.6931155532467059E-01,
    -5.6751650129929165E-01,
    -5.6871804502824297E-01,
    -5.6562396252144642E-01,
    -5.6931089625220577E-01,
    -5.6751580076774377E-01,
    -5.6871690213098525E-01,
    -5.6562564779469382E-01,
    -7.5377180356945800E+01,
    -7.5375128008059292E+01,
    -7.5375530826057144E+01,
    -7.5373171903427050E+01,
    -7.5373562776583299E+01,
    -7.5371535839560337E+01,
    -7.5371683357838180E+01,
    -7.5369607859210149E+01,
    -7.5370033717577115E+01,
    -7.5367651659379888E+01,
    -7.5368065788315860E+01,
    -7.5366015520349166E+01
  ]
}
