{
  "version":  "0.6.0",
  "energy":    -7.3420384726021985E+03,
  "energies": [
    -5.7043679827528748E-01,
    -5.7043679817801096E-01,
    -5.7043679827528815E-01,
    -5.7043679817801074E-01,
    -5.7043679827528859E-01,
    -5.7043679817801096E-01,
    -5.7043679827528715E-01,
    -5.7043679817801152E-01,
    -5.6927474342741080E-01,
    -5.6927474322347138E-01,
    -5.6927474342741080E-01,
    -5.6927474322347038E-01,
    -5.6927474342741169E-01,
    -5.6927474322347094E-01,
    -5.6927474342741091E-01,
    -5.6927474322347016E-01,
    -5.7126044735893888E-01,
    -5.7126044708913915E-01,
    -5.7126044735893788E-01,
    -5.7126044708913870E-01,
    -5.7126044735893722E-01,
    -5.7126044708913859E-01,
    -5.7126044735893844E-01,
    -5.7126044708913870E-01,
    -5.7043696711715830E-01,
    -5.7043696691444179E-01,
    -5.7043696711715908E-01,
    -5.7043696691444079E-01,
    -5.7043696711715830E-01,
    -5.7043696691444046E-01,
    -5.7043696711715886E-01,
    -5.7043696691444146E-01,
    -5.6927482591767986E-01,
    -5.6927482604970236E-01,
    -5.6927482591768086E-01,
    -5.6927482604970248E-01,
    -5.6927482591768053E-01,
    -5.6927482604970137E-01,
    -5.6927482591768130E-01,
    -5.6927482604970225E-01,
    -5.7126043235983093E-01,
    -5.7126043225549183E-01,
    -5.7126043235983159E-01,
    -5.7126043225549306E-01,
    -5.7126043235983082E-01,
    -5.7126043225549272E-01,
    -5.7126043235983082E-01,
    -5.7126043225549239E-01,
    -5.7043691261108331E-01,
    -5.7043691213723180E-01,
    -5.7043691262461749E-01,
    -5.7043691213723147E-01,
    -5.7043691263483409E-01,
    -5.7043691213723224E-01,
    -5.7043691264837071E-01,
    -5.7043691213723169E-01,
    -5.6927485741555084E-01,
    -5.6927485717742454E-01,
    -5.6927485741555028E-01,
    -5.6927485717742354E-01,
    -5.6927485741555073E-01,
    -5.6927485717742432E-01,
    -5.6927485741555117E-01,
    -5.6927485717742365E-01,
    -5.7126060747660534E-01,
    -5.7126060756948371E-01,
    -5.7126060747660579E-01,
    -5.7126060756948382E-01,
    -5.7126060747660556E-01,
    -5.7126060756948416E-01,
    -5.7126060747660512E-01,
    -5.7126060756948427E-01,
    -5.7043696841624936E-01,
    -5.7043696948032674E-01,
    -5.7043696840271352E-01,
    -5.7043696949195855E-01,
    -5.7043696839249902E-01,
    -5.7043696955632639E-01,
    -5.7043696837896285E-01,
    -5.7043696956795820E-01,
    -5.6927482577613064E-01,
    -5.6927482602698698E-01,
    -5.6927482577613064E-01,
    -5.6927482602698720E-01,
    -5.6927482577613009E-01,
    -5.6927482602698698E-01,
    -5.6927482577613164E-01,
    -5.6927482602698698E-01,
    -5.7126043447760699E-01,
    -5.7126043418413364E-01,
    -5.7126043447760744E-01,
    -5.7126043418413408E-01,
    -5.7126043447760744E-01,
    -5.7126043418413441E-01,
    -5.7126043447760710E-01,
    -5.7126043418413419E-01,
    -5.7043695079205448E-01,
    -5.7043695049291698E-01,
    -5.7043695079205348E-01,
    -5.7043695049291565E-01,
    -5.7043695079205259E-01,
    -5.7043695049291654E-01,
    -5.7043695079205392E-01,
    -5.7043695049291665E-01,
    -5.6927484398598305E-01,
    -5.6927484372953030E-01,
    -5.6927484398598316E-01,
    -5.6927484372953052E-01,
    -5.6927484398598116E-01,
    -5.6927484372952941E-01,
    -5.6927484398598216E-01,
    -5.6927484372953141E-01,
    -5.7126051480985662E-01,
    -5.7126051493396135E-01,
    -5.7126051480985651E-01,
    -5.7126051493396013E-01,
    -5.7126051480985651E-01,
    -5.7126051493396091E-01,
    -5.7126051480985696E-01,
    -5.7126051493396179E-01,
    -5.7126040698779179E-01,
    -5.7126040653284005E-01,
    -5.7126040701811298E-01,
    -5.7126040650251808E-01,
    -5.7126040704003900E-01,
    -5.7126040648059129E-01,
    -5.7126040707036185E-01,
    -5.7126040645026921E-01,
    -5.7043695796771254E-01,
    -5.7043695796757332E-01,
    -5.7043695796771166E-01,
    -5.7043695796757365E-01,
    -5.7043695796771199E-01,
    -5.7043695796757388E-01,
    -5.7043695796771232E-01,
    -5.7043695796757399E-01,
    -5.6927482318934119E-01,
    -5.6927482318964062E-01,
    -5.6927482318934086E-01,
    -5.6927482318964140E-01,
    -5.6927482318934097E-01,
    -5.6927482318964084E-01,
    -5.6927482318934131E-01,
    -5.6927482318964073E-01,
    -5.7126046670556707E-01,
    -5.7126046670490627E-01,
    -5.7126046670556752E-01,
    -5.7126046670490760E-01,
    -5.7126046670556785E-01,
    -5.7126046670490782E-01,
    -5.7126046670556807E-01,
    -5.7126046670490749E-01,
    -5.7043701732025098E-01,
    -5.7043701731979934E-01,
    -5.7043701732025165E-01,
    -5.7043701731979857E-01,
    -5.7043701732025132E-01,
    -5.7043701731980001E-01,
    -5.7043701732025121E-01,
    -5.7043701731979901E-01,
    -5.6927490731557806E-01,
    -5.6927490731552421E-01,
    -5.6927490731557850E-01,
    -5.6927490731552388E-01,
    -5.6927490731557828E-01,
    -5.6927490731552399E-01,
    -5.6927490731557984E-01,
    -5.6927490731552455E-01,
    -5.7126042498260199E-01,
    -5.7126042498227392E-01,
    -5.7126042498260210E-01,
    -5.7126042498227425E-01,
    -5.7126042498260132E-01,
    -5.7126042498227414E-01,
    -5.7126042498260210E-01,
    -5.7126042498227358E-01,
    -5.7043697347848255E-01,
    -5.7043697347983313E-01,
    -5.7043697347848232E-01,
    -5.7043697347983346E-01,
    -5.7043697347848210E-01,
    -5.7043697347983235E-01,
    -5.7043697347848188E-01,
    -5.7043697347983269E-01,
    -5.6927484441051701E-01,
    -5.6927484441047926E-01,
    -5.6927484441051679E-01,
    -5.6927484441047860E-01,
    -5.6927484441051668E-01,
    -5.6927484441047804E-01,
    -5.6927484441051546E-01,
    -5.6927484441047871E-01,
    -7.5343360148070360E+01,
    -7.5343339915745659E+01,
    -7.5343337374915279E+01,
    -7.5343317142590593E+01,
    -7.5343334773653581E+01,
    -7.5343314541328880E+01,
    -7.5343312000498514E+01,
    -7.5343291768173799E+01,
    -7.5342087950503142E+01,
    -7.5342067718163278E+01,
    -7.5342065177333509E+01,
    -7.5342044944993646E+01,
    -7.5342062576070163E+01,
    -7.5342042343730284E+01,
    -7.5342039802900530E+01,
    -7.5342019570560666E+01,
    -7.5341598311281615E+01,
    -7.5341578078948459E+01,
    -7.5341575538119983E+01,
    -7.5341555305786827E+01,
    -7.5341572936857531E+01,
    -7.5341552704524375E+01,
    -7.5341550163695899E+01,
    -7.5341529931362729E+01,
    -7.5341533849587663E+01,
    -7.5341513617321681E+01,
    -7.5341511076416793E+01,
    -7.5341490844150783E+01,
    -7.5341508475153290E+01,
    -7.5341488242887294E+01,
    -7.5341485701982407E+01,
    -7.5341465469716411E+01,
    -7.5340813287477900E+01,
    -7.5340793055136032E+01,
    -7.5340790514305837E+01,
    -7.5340770281963970E+01,
    -7.5340787913042192E+01,
    -7.5340767680700324E+01,
    -7.5340765139870129E+01,
    -7.5340744907528261E+01,
    -7.5338944877811102E+01,
    -7.5338924645456316E+01,
    -7.5338922104639437E+01,
    -7.5338901872284652E+01,
    -7.5338919503375834E+01,
    -7.5338899271021063E+01,
    -7.5338896730204169E+01,
    -7.5338876497849384E+01,
    -7.5338299390467654E+01,
    -7.5338279158118809E+01,
    -7.5338276617288244E+01,
    -7.5338256384939399E+01,
    -7.5338274016023760E+01,
    -7.5338253783674915E+01,
    -7.5338251242844336E+01,
    -7.5338231010495505E+01,
    -7.5337732405541729E+01,
    -7.5337712173210818E+01,
    -7.5337709632369183E+01,
    -7.5337689400038272E+01,
    -7.5337707031105495E+01,
    -7.5337686798774598E+01,
    -7.5337684257932963E+01,
    -7.5337664025602052E+01,
    -7.5336667024437730E+01,
    -7.5336646670527401E+01,
    -7.5336644114520126E+01,
    -7.5336623760609797E+01,
    -7.5336641497645417E+01,
    -7.5336621143735073E+01,
    -7.5336618587727813E+01,
    -7.5336598233817483E+01,
    -7.5336129966208148E+01,
    -7.5336109612368404E+01,
    -7.5336107056286082E+01,
    -7.5336086702446337E+01,
    -7.5336104439410832E+01,
    -7.5336084085571102E+01,
    -7.5336081529488766E+01,
    -7.5336061175649021E+01,
    -7.5335406037296124E+01,
