{
  "version":  "0.6.0",
  "energy":    -2.1438774239850436E+03,
  "energies": [
    -5.6950246003453486E-01,
    -5.6599902086123133E-01,
    -5.6951916353664722E-01,
    -5.6580544151835499E-01,
    -5.6678135004333519E-01,
    -5.6743124969618453E-01,
    -5.6857137455739337E-01,
    -5.7018398950685212E-01,
    -5.6685337365642863E-01,
    -5.6744239814713271E-01,
    -5.6900319544057765E-01,
    -5.6579021411898456E-01,
    -5.6821233036854890E-01,
    -5.6680462610158211E-01,
    -5.6950241032599747E-01,
    -5.6599888343197358E-01,
    -5.6951916926088197E-01,
    -5.6580536267801151E-01,
    -5.6678128859120858E-01,
    -5.6743121318948520E-01,
    -5.6857141215538509E-01,
    -5.7018394215245249E-01,
    -5.6685330868154149E-01,
    -5.6744235025008272E-01,
    -5.6900329256811977E-01,
    -5.6579019255910967E-01,
    -5.6821235360182343E-01,
    -5.6680468101878023E-01,
    -5.6950250931584323E-01,
    -5.6599897835965818E-01,
    -5.6951916713072648E-01,
    -5.6580514847668895E-01,
    -5.6678110026310868E-01,
    -5.6743124661009170E-01,
    -5.6857137492038579E-01,
    -5.7018419636242679E-01,
    -5.6685364891440204E-01,
    -5.6744244450327841E-01,
    -5.6900336591253409E-01,
    -5.6579013296033764E-01,
    -5.6821235581360818E-01,
    -5.6680473337864634E-01,
    -5.6950253860919997E-01,
    -5.6599900287702365E-01,
    -5.6951918506754329E-01,
    -5.6580524467047522E-01,
    -5.6678128871213229E-01,
    -5.6743128995521142E-01,
    -5.6857135110678603E-01,
    -5.7018418048515407E-01,
    -5.6685361752225938E-01,
    -5.6744240001530555E-01,
    -5.6900336156862297E-01,
    -5.6579016903488066E-01,
    -5.6821236086314586E-01,
    -5.6680476795325185E-01,
    -7.5437463199143210E+01,
    -7.5434812176312391E+01,
    -7.5437256787092508E+01,
    -7.5431448655795734E+01,
    -7.5435071154503589E+01,
    -7.5433643081289091E+01,
    -7.5431456952104611E+01,
    -7.5436187989747850E+01,
    -7.5433027746629051E+01,
    -7.5435340873903371E+01,
    -7.5427994467122815E+01,
    -7.5431714383078813E+01,
    -7.5431736576425223E+01,
    -7.5429545352829024E+01,
    -7.5434658830529585E+01,
    -7.5430578692615669E+01,
    -7.5433307845608866E+01,
    -7.5428448449268345E+01,
    -7.5432182569003558E+01,
    -7.5430011839169282E+01,
    -7.5428175882967054E+01,
    -7.5433383510637398E+01,
    -7.5428794162791931E+01,
    -7.5431391828120752E+01,
    -7.5424994339670647E+01,
    -7.5428825903586088E+01,
    -7.5428105263085072E+01,
    -7.5426264262596973E+01
  ]
}
