{
  "version":  "0.5.0",
  "energy":    -6.1289479690271094E+02,
  "energies": [
    -5.6307071883553206E-01,
    -5.6307134992195118E-01,
    -5.6307136522007550E-01,
    -5.6307128640020276E-01,
    -5.6307081649806778E-01,
    -5.6307134992195196E-01,
    -5.6307128640020276E-01,
    -5.6307136522007539E-01,
    -5.6307130211465173E-01,
    -5.6307130211465117E-01,
    -5.6307125223896171E-01,
    -5.6307081931952052E-01,
    -5.6307081931952052E-01,
    -5.6307081649806690E-01,
    -5.6307125223896171E-01,
    -5.6307071883553328E-01,
    -7.5492184799910547E+01,
    -7.5490108370842250E+01,
    -7.5489087923895482E+01,
    -7.5486729613198293E+01,
    -7.5483725763021980E+01,
    -7.5483512470574837E+01,
    -7.5481079793990332E+01,
    -7.5479230346179207E+01
  ]
}
