{
  "version":  "0.5.0",
  "energy":    -7.3526934801019988E+03,
  "energies": [
    -5.6420230014720452E-01,
    -5.6420366516818887E-01,
    -5.6419628617825657E-01,
    -5.6431572173612410E-01,
    -5.6420200171578261E-01,
    -5.6416578825970043E-01,
    -5.6417555027171595E-01,
    -5.6425715268922882E-01,
    -5.6420172233467547E-01,
    -5.6416931951286997E-01,
    -5.6417497931324578E-01,
    -5.6426039353003543E-01,
    -5.6420187281384515E-01,
    -5.6416570814560640E-01,
    -5.6417543166011364E-01,
    -5.6425708287439114E-01,
    -5.6420207671868405E-01,
    -5.6416602601413168E-01,
    -5.6417559901796299E-01,
    -5.6425736424797435E-01,
    -5.6420192521852364E-01,
    -5.6416596810257658E-01,
    -5.6417553870986326E-01,
    -5.6425739946222142E-01,
    -5.6419728775426226E-01,
    -5.6431411205504145E-01,
    -5.6419695785916901E-01,
    -5.6431381883576881E-01,
    -5.6417629079569476E-01,
    -5.6425528389841795E-01,
    -5.6417627103541779E-01,
    -5.6425530929618617E-01,
    -5.6417555730735613E-01,
    -5.6425835999086549E-01,
    -5.6417590576846355E-01,
    -5.6425875625299726E-01,
    -5.6417621348165004E-01,
    -5.6425525548887012E-01,
    -5.6417610271713037E-01,
    -5.6425518971803101E-01,
    -5.6417629578299378E-01,
    -5.6425545153858636E-01,
    -5.6417637702232337E-01,
    -5.6425557812883242E-01,
    -5.6417645816078865E-01,
    -5.6425571009736708E-01,
    -5.6417591977644721E-01,
    -5.6425521734379780E-01,
    -5.6417665351712865E-01,
    -5.6425596102963105E-01,
    -5.6417653978669302E-01,
    -5.6425939831441674E-01,
    -5.6417613451513848E-01,
    -5.6425807831498564E-01,
    -5.6417538578400772E-01,
    -5.6426088097211957E-01,
    -5.6417622768655051E-01,
    -5.6425819890722073E-01,
    -5.6417567062285956E-01,
    -5.6426119358067994E-01,
    -5.6417709086561274E-01,
    -5.6425635299507071E-01,
    -5.6417609037579386E-01,
    -5.6425890135202028E-01,
    -5.6417614574978681E-01,
    -5.6425818598010291E-01,
    -5.6417549495483954E-01,
    -5.6426108676623377E-01,
    -5.6420261462794052E-01,
    -5.6416666417211869E-01,
    -5.6420230752008238E-01,
    -5.6416990938360057E-01,
    -5.6417689166633556E-01,
    -5.6425615774320825E-01,
    -5.6419764208142553E-01,
    -5.6431450563904106E-01,
    -5.6417597617366988E-01,
    -5.6425787949321737E-01,
    -5.6419679367152931E-01,
    -5.6431630530201360E-01,
    -5.6417617311580226E-01,
    -5.6425810393721565E-01,
    -5.6419696017534970E-01,
    -5.6431649888247504E-01,
    -5.6417679638326235E-01,
    -5.6425601754301002E-01,
    -5.6419787551128631E-01,
    -5.6431470287682106E-01,
    -5.6417604183731751E-01,
    -5.6425804161952020E-01,
    -5.6419683546104171E-01,
    -5.6431644344547671E-01,
    -5.6420258239302568E-01,
    -5.6416659339363562E-01,
    -5.6420294015194217E-01,
    -5.6420430454581805E-01,
    -5.6421231664637994E-01,
    -5.6422735249426803E-01,
    -5.6422227130576974E-01,
    -5.6423509461559185E-01,
    -5.6421127952134220E-01,
    -5.6424046541986339E-01,
    -5.6421979720169568E-01,
    -5.6424678454722199E-01,
    -5.6421176506586879E-01,
    -5.6424046561298524E-01,
    -5.6422047176663126E-01,
    -5.6424697377145205E-01,
    -5.6421157674932898E-01,
    -5.6424008629880873E-01,
    -5.6421997199436225E-01,
    -5.6424628299198476E-01,
    -5.6421136485868695E-01,
    -5.6424054273993296E-01,
    -5.6421993682172511E-01,
    -5.6424691615134936E-01,
    -5.6420426372500820E-01,
    -5.6423511613294064E-01,
    -5.6421168818480993E-01,
    -5.6424036494248409E-01,
    -5.6422189915351162E-01,
    -5.6423452749605441E-01,
    -5.6422471419414910E-01,
    -5.6422387056123890E-01,
    -5.6421961397331066E-01,
    -5.6424640688151062E-01,
    -5.6422158877181916E-01,
    -5.6423491660574265E-01,
    -5.6422014048540192E-01,
    -5.6424644804820490E-01,
    -5.6422232042559006E-01,
    -5.6423516259710216E-01,
    -5.6421987653667838E-01,
    -5.6424599317242830E-01,
    -5.6422175961449117E-01,
    -5.6423441023362997E-01,
    -5.6421970495425866E-01,
    -5.6424648983887482E-01,
    -5.6422172841379847E-01,
    -5.6423504824258597E-01,
    -5.6421163401010921E-01,
    -5.6424011632942783E-01,
    -5.6421226747241093E-01,
    -5.6422729837252639E-01,
    -5.6421809595074013E-01,
    -5.6423194868046189E-01,
    -5.6421482659373112E-01,
    -5.6422911905617423E-01,
    -5.6422087456308478E-01,
    -5.6424795616287571E-01,
    -5.6421619268109446E-01,
    -5.6424372854883020E-01,
    -5.6422101467387875E-01,
    -5.6424810220641686E-01,
    -5.6421647558040811E-01,
    -5.6424401821680970E-01,
    -5.6422087763304196E-01,
    -5.6424788401751735E-01,
    -5.6421604664683123E-01,
    -5.6424350767241127E-01,
    -5.6422094759373309E-01,
    -5.6424803653831923E-01,
    -5.6421631338695810E-01,
    -5.6424385662350740E-01,
    -5.6422630399411056E-01,
    -5.6425292337420274E-01,
    -5.6422093297108855E-01,
    -5.6424801542106895E-01,
    -5.6421448695180565E-01,
    -5.6422870775757950E-01,
    -5.6421369123890353E-01,
    -5.6421471809494395E-01,
    -5.6421604615572263E-01,
    -5.6424351024973030E-01,
    -5.6421456263521097E-01,
    -5.6422885181458926E-01,
    -5.6421618656057571E-01,
    -5.6424365735590110E-01,
    -5.6421489338724173E-01,
    -5.6422918904223662E-01,
    -5.6421599595179883E-01,
    -5.6424338517533734E-01,
    -5.6421437853880840E-01,
    -5.6422859277306692E-01,
    -5.6421611776606462E-01,
    -5.6424358922342910E-01,
    -5.6421469051075124E-01,
    -5.6422898705115643E-01,
    -5.6422091606467872E-01,
    -5.6424792711617699E-01,
    -5.6421804862026570E-01,
    -5.6423189945251329E-01,
    -7.5468935210538987E+01,
    -7.5468038804504417E+01,
    -7.5468674129167155E+01,
    -7.5468014884569385E+01,
    -7.5469154012723067E+01,
    -7.5468021068324703E+01,
    -7.5468846090393299E+01,
    -7.5467949970729137E+01,
    -7.5468111963316630E+01,
    -7.5467222002055522E+01,
    -7.5467850931694500E+01,
    -7.5467198330209015E+01,
    -7.5468109754061857E+01,
    -7.5467213472983218E+01,
    -7.5467848370330330E+01,
    -7.5467189448620985E+01,
    -7.5467297919813007E+01,
    -7.5466402236284878E+01,
    -7.5467036242010622E+01,
    -7.5466378113539278E+01,
    -7.5467292759977070E+01,
    -7.5466394295588159E+01,
    -7.5467031400251045E+01,
    -7.5466370492172331E+01,
    -7.5466374871634216E+01,
    -7.5465713992714768E+01,
    -7.5466286904016442E+01,
    -7.5465634738230065E+01,
    -7.5466547261427991E+01,
    -7.5465648989920112E+01,
    -7.5466459294416794E+01,
    -7.5465569717212347E+01,
    -7.5465552211366060E+01,
    -7.5464897950080214E+01,
    -7.5465463343032567E+01,
    -7.5464817783173388E+01,
    -7.5465549006805801E+01,
    -7.5464888458569789E+01,
    -7.5465461245492548E+01,
    -7.5464809396294370E+01,
    -7.5464737061906689E+01,
    -7.5464077311655814E+01,
    -7.5464648917513173E+01,
    -7.5463997853096288E+01,
    -7.5464731753011264E+01,
    -7.5464069231843837E+01,
    -7.5464644685668546E+01,
    -7.5463990847433550E+01,
    -7.5460403422684379E+01,
    -7.5459321409160935E+01,
    -7.5460332255942561E+01,
    -7.5459227533421227E+01,
    -7.5460392735562309E+01,
    -7.5459378539007488E+01,
    -7.5460316505545848E+01,
    -7.5459279608116063E+01,
    -7.5459581182559901E+01,
    -7.5458566492241530E+01,
    -7.5459504671638072E+01,
    -7.5458467279460550E+01,
    -7.5459573701198437E+01,
    -7.5458560122133250E+01,
    -7.5459497796396207E+01,
    -7.5458461515763858E+01,
    -7.5458762680396561E+01,
    -7.5457747615797189E+01,
    -7.5458686449454376E+01,
    -7.5457648683582079E+01,
    -7.5458748847759395E+01,
    -7.5457756452868125E+01,
    -7.5458673822968663E+01,
    -7.5457658712148557E+01,
    -7.5458031564778054E+01,
    -7.5456927351778887E+01,
    -7.5457958137885271E+01,
    -7.5456785533977495E+01,
    -7.5458015491981072E+01,
    -7.5456978552677285E+01,
    -7.5457942953823448E+01,
    -7.5456837592036734E+01,
    -7.5457203976203743E+01,
