{
  "version":  "0.5.0",
  "energy":    -7.3443130595112007E+03,
  "energies": [
    -5.6803174895050257E-01,
    -5.6803173571578780E-01,
    -5.6803144800857119E-01,
    -5.6803107445391432E-01,
    -5.6803173315489264E-01,
    -5.6803167723610826E-01,
    -5.6803143220946151E-01,
    -5.6803101597353922E-01,
    -5.6804012041703922E-01,
    -5.6804102948906643E-01,
    -5.6803983954375004E-01,
    -5.6804058279559944E-01,
    -5.6804051599210736E-01,
    -5.6804217863155393E-01,
    -5.6804023512527346E-01,
    -5.6804173194886787E-01,
    -5.6920399336489824E-01,
    -5.6920453099199964E-01,
    -5.6920094204448624E-01,
    -5.6920568741776156E-01,
    -5.6920436511747274E-01,
    -5.6920458283696740E-01,
    -5.6920131373045690E-01,
    -5.6920573925995610E-01,
    -5.6918503012214750E-01,
    -5.6917839394513980E-01,
    -5.6918495066322439E-01,
    -5.6917837089378609E-01,
    -5.6918460092855128E-01,
    -5.6917792765407627E-01,
    -5.6918452146259724E-01,
    -5.6917790459776718E-01,
    -5.6821215209804565E-01,
    -5.6821493646800825E-01,
    -5.6821204603656272E-01,
    -5.6821483682991725E-01,
    -5.6821194460807767E-01,
    -5.6821473847778248E-01,
    -5.6821183854995172E-01,
    -5.6821463884331858E-01,
    -5.6586622390110519E-01,
    -5.6586763646011362E-01,
    -5.6586619984781739E-01,
    -5.6586762098176369E-01,
    -5.6586889698460274E-01,
    -5.6587019854053811E-01,
    -5.6586887292776356E-01,
    -5.6587018305829484E-01,
    -5.6804217502719834E-01,
    -5.6804596243140837E-01,
    -5.6804212290960254E-01,
    -5.6804584177681161E-01,
    -5.6804216069779023E-01,
    -5.6804594474964376E-01,
    -5.6804210857706383E-01,
    -5.6804582409246018E-01,
    -5.6821301995907836E-01,
    -5.6821784564016353E-01,
    -5.6821298194735137E-01,
    -5.6821775785291850E-01,
    -5.6821487432555395E-01,
    -5.6821962650680058E-01,
    -5.6821483632325243E-01,
    -5.6821953872863751E-01,
    -5.6803382806240010E-01,
    -5.6803454925506836E-01,
    -5.6803425205895242E-01,
    -5.6803503521728127E-01,
    -5.6803440801855998E-01,
    -5.6803152546461477E-01,
    -5.6803483202348992E-01,
    -5.6803201140413606E-01,
    -5.6917795502762425E-01,
    -5.6917756624075333E-01,
    -5.6917793415441409E-01,
    -5.6917753691918527E-01,
    -5.6917782453793020E-01,
    -5.6917743883749661E-01,
    -5.6917780365924464E-01,
    -5.6917740951147477E-01,
    -5.6586749956818061E-01,
    -5.6586291156683433E-01,
    -5.6586737911531637E-01,
    -5.6586278711174920E-01,
    -5.6586743228382907E-01,
    -5.6586281969395480E-01,
    -5.6586731182372740E-01,
    -5.6586269523324884E-01,
    -5.6803172915419475E-01,
    -5.6803176262447541E-01,
    -5.6803082339228328E-01,
    -5.6803105874051174E-01,
    -5.6803475923553404E-01,
    -5.6803475689213823E-01,
    -5.6803385351304769E-01,
    -5.6803405304736088E-01,
    -5.6821823273658489E-01,
    -5.6821660076233593E-01,
    -5.6821464046089509E-01,
    -5.6821189177340170E-01,
    -5.6821631378164406E-01,
    -5.6821646893068445E-01,
    -5.6821272141412593E-01,
    -5.6821175995056838E-01,
    -5.6821939752590400E-01,
    -5.6821469088712739E-01,
    -5.6821808008398211E-01,
    -5.6821824823388456E-01,
    -5.6821945042600674E-01,
    -5.6821466062081816E-01,
    -5.6821813298361412E-01,
    -5.6821821796406080E-01,
    -5.6804600169353980E-01,
    -5.6804223362961548E-01,
    -5.6804489510284784E-01,
    -5.6804122571537730E-01,
    -5.6804486653102637E-01,
    -5.6804101215766289E-01,
    -5.6804375997368217E-01,
    -5.6804000427687562E-01,
    -5.6917717614352026E-01,
    -5.6917755919471624E-01,
    -5.6918369058130480E-01,
    -5.6918496338058122E-01,
    -5.6917754421997002E-01,
    -5.6917793753261192E-01,
    -5.6918405865470567E-01,
    -5.6918534170408452E-01,
    -5.6586560528110807E-01,
    -5.6587014918004408E-01,
    -5.6586437939549694E-01,
    -5.6586584784170968E-01,
    -5.6586292428675711E-01,
    -5.6586748149578503E-01,
    -5.6586169840767708E-01,
    -5.6586318013107517E-01,
    -5.6920558758817064E-01,
    -5.6920097937659753E-01,
    -5.6920556381977361E-01,
    -5.6920084824793338E-01,
    -5.6920568173577146E-01,
    -5.6920109006662223E-01,
    -5.6920565796993372E-01,
    -5.6920095894072409E-01,
    -5.6919999988447356E-01,
    -5.6920054904504724E-01,
    -5.6920401547461308E-01,
    -5.6920383756852277E-01,
    -5.6919979432793644E-01,
    -5.6920050038760928E-01,
    -5.6920380987601282E-01,
    -5.6920378890556755E-01,
    -5.6918548837767469E-01,
    -5.6918557899801081E-01,
    -5.6917842297609478E-01,
    -5.6918498023549535E-01,
    -5.6918551075201151E-01,
    -5.6918562371863157E-01,
    -5.6917844535206874E-01,
    -5.6918502496188406E-01,
    -5.6586317436033440E-01,
    -5.6586307544457581E-01,
    -5.6586760435621697E-01,
    -5.6586617752749191E-01,
    -5.6586312968762009E-01,
    -5.6586304279852362E-01,
    -5.6586755969120417E-01,
    -5.6586614488753284E-01,
    -5.6803148065447751E-01,
    -5.6803505218238992E-01,
    -5.6803214950995917E-01,
    -5.6803497185845253E-01,
    -5.6803136211560656E-01,
    -5.6803492884773887E-01,
    -5.6803203097160737E-01,
    -5.6803484852395414E-01,
    -5.6920113515668513E-01,
    -5.6920057524709000E-01,
    -5.6920104901258128E-01,
    -5.6920053525109993E-01,
    -5.6920066061940566E-01,
    -5.6920008832595526E-01,
    -5.6920057448230854E-01,
    -5.6920004833702875E-01,
    -5.6804090674309804E-01,
    -5.6804037015540187E-01,
    -5.6804187639328141E-01,
    -5.6804038784599631E-01,
    -5.6804079998520884E-01,
    -5.6804024719373325E-01,
    -5.6804176963927766E-01,
    -5.6804026488556714E-01,
    -7.5373375592765768E+01,
    -7.5372884928595823E+01,
    -7.5373347880347367E+01,
    -7.5372857257293575E+01,
    -7.5373346845864091E+01,
    -7.5372859316205307E+01,
    -7.5373319133694068E+01,
    -7.5372831645060870E+01,
    -7.5371010122171242E+01,
    -7.5370520444615281E+01,
    -7.5370978463817963E+01,
    -7.5370486164799729E+01,
    -7.5370981961885121E+01,
    -7.5370492361277428E+01,
    -7.5370950303753588E+01,
    -7.5370458081678578E+01,
    -7.5371732733025354E+01,
    -7.5371236372429010E+01,
    -7.5371698578741970E+01,
    -7.5371204945221692E+01,
    -7.5371707008986760E+01,
    -7.5371210619605662E+01,
    -7.5371672854788883E+01,
    -7.5371179192207123E+01,
    -7.5369889328758020E+01,
    -7.5369396820377204E+01,
    -7.5369861760440998E+01,
    -7.5369369107466810E+01,
    -7.5369861503970483E+01,
    -7.5369369025542113E+01,
    -7.5369833935654427E+01,
    -7.5369341312591985E+01,
    -7.5367938986213289E+01,
    -7.5367446578205318E+01,
    -7.5367914020411362E+01,
    -7.5367416011643101E+01,
    -7.5367910881363173E+01,
    -7.5367418438249203E+01,
    -7.5367885915851588E+01,
    -7.5367387872188161E+01,
    -7.5365591515381524E+01,
    -7.5365099780031244E+01,
    -7.5365569588028890E+01,
    -7.5365074001785345E+01,
    -7.5365564196876377E+01,
    -7.5365071654137225E+01,
    -7.5365542269643313E+01,
    -7.5365045875768075E+01,
    -7.5368507561361341E+01,
    -7.5368019087110639E+01,
    -7.5368479735163135E+01,
    -7.5367991222944923E+01,
    -7.5368479582704708E+01,
    -7.5367991099141420E+01,
    -7.5368451756491694E+01,
    -7.5367963234958680E+01,
    -7.5366254262467649E+01,
    -7.5365767497056552E+01,
    -7.5366226130801351E+01,
    -7.5365739342253462E+01,
    -7.5366223859488073E+01,
    -7.5365737144310643E+01,
    -7.5366195727988782E+01,
    -7.5365708989663560E+01,
    -7.5365260978089921E+01,
    -7.5364774798614036E+01,
    -7.5365234745688142E+01,
    -7.5364748328767547E+01,
    -7.5365230602875201E+01,
    -7.5364744475019691E+01,
    -7.5365204369800992E+01,
    -7.5364718004493284E+01,
    -7.5364581998932678E+01,
    -7.5364092926416433E+01,
    -7.5364554037426771E+01,
    -7.5364065026472005E+01,
    -7.5364554158491046E+01,
    -7.5364065058598428E+01,
    -7.5364526197048235E+01,
    -7.5364037158718645E+01,
    -7.5361399216679985E+01,
