{
  "version":  "0.6.0",
  "energy":    -7.3526934772439690E+03,
  "energies": [
    -5.6420190864681719E-01,
    -5.6420334160097396E-01,
    -5.6419584021015046E-01,
    -5.6431552005958352E-01,
    -5.6420155706571740E-01,
    -5.6416560265471183E-01,
    -5.6417504609149227E-01,
    -5.6425708459859958E-01,
    -5.6420128215621101E-01,
    -5.6416912213935444E-01,
    -5.6417447979468305E-01,
    -5.6426031376754471E-01,
    -5.6420142843051668E-01,
    -5.6416552298264988E-01,
    -5.6417492776377642E-01,
    -5.6425701523660809E-01,
    -5.6420163142402602E-01,
    -5.6416583906024220E-01,
    -5.6417509420036727E-01,
    -5.6425729481152498E-01,
    -5.6420148550375959E-01,
    -5.6416577465377404E-01,
    -5.6417503960544091E-01,
    -5.6425732356417702E-01,
    -5.6419684882308607E-01,
    -5.6431390592821984E-01,
    -5.6419652280702326E-01,
    -5.6431360809922060E-01,
    -5.6417579382932281E-01,
    -5.6425521144202040E-01,
    -5.6417577789837026E-01,
    -5.6425523220470908E-01,
    -5.6417506493909131E-01,
    -5.6425827584008126E-01,
    -5.6417541728976262E-01,
    -5.6425866749225062E-01,
    -5.6417571679963918E-01,
    -5.6425518348377235E-01,
    -5.6417560984747528E-01,
    -5.6425511307074383E-01,
    -5.6417579817673624E-01,
    -5.6425537773803003E-01,
    -5.6417588324930867E-01,
    -5.6425549969163336E-01,
    -5.6417596627475541E-01,
    -5.6425562984404198E-01,
    -5.6417543156660144E-01,
    -5.6425513235757874E-01,
    -5.6417616608225729E-01,
    -5.6425587681489597E-01,
    -5.6417605284384431E-01,
    -5.6425931120888517E-01,
    -5.6417563576721219E-01,
    -5.6425800493074474E-01,
    -5.6417488736831012E-01,
    -5.6426080460240413E-01,
    -5.6417572841665264E-01,
    -5.6425812345652826E-01,
    -5.6417517170356302E-01,
    -5.6426111514752075E-01,
    -5.6417660047563578E-01,
    -5.6425627443153570E-01,
    -5.6417560026498770E-01,
    -5.6425881977517789E-01,
    -5.6417564578316748E-01,
    -5.6425811183806085E-01,
    -5.6417499532338622E-01,
    -5.6426100963608672E-01,
    -5.6420217613555901E-01,
    -5.6416647196233072E-01,
    -5.6420186932506866E-01,
    -5.6416971413353489E-01,
    -5.6417639922192797E-01,
    -5.6425608093848534E-01,
    -5.6419720827320574E-01,
    -5.6431429616123396E-01,
    -5.6417547226724796E-01,
    -5.6425781343199444E-01,
    -5.6419634853016931E-01,
    -5.6431610662873977E-01,
    -5.6417566870357383E-01,
    -5.6425803581751666E-01,
    -5.6419651451987018E-01,
    -5.6431629814304685E-01,
    -5.6417630084342829E-01,
    -5.6425594629985232E-01,
    -5.6419743854513660E-01,
    -5.6431449892556063E-01,
    -5.6417553671269483E-01,
    -5.6425797480015216E-01,
    -5.6419638910983916E-01,
    -5.6431624401726499E-01,
    -5.6420213887353554E-01,
    -5.6416640853740796E-01,
    -5.6420255034289923E-01,
    -5.6420398270443628E-01,
    -5.6421209639293302E-01,
    -5.6422715431848436E-01,
    -5.6422202002610022E-01,
    -5.6423493056166374E-01,
    -5.6421108222492689E-01,
    -5.6424025373058939E-01,
    -5.6421956840708742E-01,
    -5.6424660638072144E-01,
    -5.6421156117952764E-01,
    -5.6424025669615474E-01,
    -5.6422023633475915E-01,
    -5.6424679835400804E-01,
    -5.6421138322362330E-01,
    -5.6423986996568387E-01,
    -5.6421974699050048E-01,
    -5.6424610017449572E-01,
    -5.6421116608717536E-01,
    -5.6424033106773341E-01,
    -5.6421970654540232E-01,
    -5.6424673799873171E-01,
    -5.6420409235556113E-01,
    -5.6423487404600037E-01,
    -5.6421148535548016E-01,
    -5.6424015623422352E-01,
    -5.6422165635869204E-01,
    -5.6423435570390257E-01,
    -5.6422444650374248E-01,
    -5.6422371805857741E-01,
    -5.6421939364536633E-01,
    -5.6424622097208610E-01,
    -5.6422134355471687E-01,
    -5.6423474994329625E-01,
    -5.6421991351820600E-01,
    -5.6424626488119201E-01,
    -5.6422206857650281E-01,
    -5.6423499869047300E-01,
    -5.6421965999879042E-01,
    -5.6424580261883561E-01,
    -5.6422151821160993E-01,
    -5.6423423893590929E-01,
    -5.6421948314499670E-01,
    -5.6424630394301467E-01,
    -5.6422148171749120E-01,
    -5.6423488159663526E-01,
    -5.6421143958435593E-01,
    -5.6423989985837786E-01,
    -5.6421204770823441E-01,
    -5.6422710055216374E-01,
    -5.6421788306693943E-01,
    -5.6423175700103256E-01,
    -5.6421459451059797E-01,
    -5.6422894207000707E-01,
    -5.6422066133703019E-01,
    -5.6424775687152195E-01,
    -5.6421595979628347E-01,
    -5.6424354335850735E-01,
    -5.6422079865165253E-01,
    -5.6424790574025496E-01,
    -5.6421623987622538E-01,
    -5.6424383584252236E-01,
    -5.6422066789961423E-01,
    -5.6424768372182788E-01,
    -5.6421581724989966E-01,
    -5.6424332146601930E-01,
    -5.6422073310989618E-01,
    -5.6424783708341819E-01,
    -5.6421607924593919E-01,
    -5.6424367127197728E-01,
    -5.6422610886369384E-01,
    -5.6425271352908846E-01,
    -5.6422071817318042E-01,
    -5.6424781961541959E-01,
    -5.6421425950479787E-01,
    -5.6422852642920396E-01,
    -5.6421346204424883E-01,
    -5.6421454634912915E-01,
    -5.6421581784747221E-01,
    -5.6424332069559768E-01,
    -5.6421433263954845E-01,
    -5.6422867172454416E-01,
    -5.6421595543429703E-01,
    -5.6424347061245450E-01,
    -5.6421466055087677E-01,
    -5.6422901176500051E-01,
    -5.6421577113435306E-01,
    -5.6424319461207439E-01,
    -5.6421415207314207E-01,
    -5.6422841169288651E-01,
    -5.6421588820195734E-01,
    -5.6424339950784008E-01,
    -5.6421445925348623E-01,
    -5.6422880679694054E-01,
    -5.6422070582500694E-01,
    -5.6424772694241776E-01,
    -5.6421783620969168E-01,
    -5.6423170814269508E-01,
    -7.5468935595611001E+01,
    -7.5468039647615214E+01,
    -7.5468674281083011E+01,
    -7.5468015832610320E+01,
    -7.5469154640654793E+01,
    -7.5468021814643890E+01,
    -7.5468846476619433E+01,
    -7.5467950812218774E+01,
    -7.5468112367399982E+01,
    -7.5467222826757606E+01,
    -7.5467851102831602E+01,
    -7.5467199259382483E+01,
    -7.5468110136030461E+01,
    -7.5467214312352084E+01,
    -7.5467848519537455E+01,
    -7.5467190392776700E+01,
    -7.5467298304098534E+01,
    -7.5466403074395132E+01,
    -7.5467036393934819E+01,
    -7.5466379056319354E+01,
    -7.5467293151421131E+01,
    -7.5466395122082076E+01,
    -7.5467031559186836E+01,
    -7.5466371423006734E+01,
    -7.5466375029021805E+01,
    -7.5465714923647354E+01,
    -7.5466287070292523E+01,
    -7.5465635663230898E+01,
    -7.5466547652232848E+01,
    -7.5465649814978377E+01,
    -7.5466459694104486E+01,
    -7.5465570536335775E+01,
    -7.5465552387930529E+01,
    -7.5464898862407637E+01,
    -7.5465463528362989E+01,
    -7.5464818689375875E+01,
    -7.5465549161465489E+01,
    -7.5464889385634422E+01,
    -7.5465461409039406E+01,
    -7.5464810317456241E+01,
    -7.5464737219272948E+01,
    -7.5464078237390154E+01,
    -7.5464649083747972E+01,
    -7.5463998772896531E+01,
    -7.5464731917265794E+01,
    -7.5464070145632277E+01,
    -7.5464644858909608E+01,
    -7.5463991755506555E+01,
    -7.5460403839536156E+01,
    -7.5459321762486226E+01,
    -7.5460332721670540E+01,
    -7.5459227836544628E+01,
    -7.5460393135540414E+01,
    -7.5459378905077941E+01,
    -7.5460316955523197E+01,
    -7.5459279925320303E+01,
    -7.5459581589292895E+01,
    -7.5458566852257519E+01,
    -7.5459505128360320E+01,
    -7.5458467590709020E+01,
    -7.5459574092779263E+01,
    -7.5458560491837048E+01,
    -7.5459498237898700E+01,
    -7.5458461836689040E+01,
    -7.5458763079815995E+01,
    -7.5457747979008047E+01,
    -7.5458686898741107E+01,
    -7.5457648998064883E+01,
    -7.5458749200640895E+01,
    -7.5457756858709189E+01,
    -7.5458674225743380E+01,
    -7.5457659069502157E+01,
    -7.5458032014105541E+01,
    -7.5456927661393493E+01,
    -7.5457958607295694E+01,
    -7.5456785823164054E+01,
    -7.5458015925697524E+01,
    -7.5456978876296503E+01,
    -7.5457943407617364E+01,
    -7.5456837895438852E+01,
    -7.5457204416657589E+01,
