{
  "version":  "0.5.0",
  "energy":    -1.2386388372012649E+04,
  "energies": [
    -5.7388721151618316E-01,
    -5.7387368725465049E-01,
    -5.7387363776135059E-01,
    -5.7389226355030898E-01,
    -5.7387899161365652E-01,
    -5.7387896043661568E-01,
    -5.7389261015508075E-01,
    -5.7387922500621846E-01,
    -5.7387921494311800E-01,
    -5.7388739014064383E-01,
    -5.7387368492246893E-01,
    -5.7387368548416129E-01,
    -5.7389244303166376E-01,
    -5.7387899015144472E-01,
    -5.7387900903369959E-01,
    -5.7389273149771014E-01,
    -5.7387916540034745E-01,
    -5.7387920539165982E-01,
    -5.7388723922925944E-01,
    -5.7388677603695071E-01,
    -5.7388661291320298E-01,
    -5.7389022312343863E-01,
    -5.7389001223491276E-01,
    -5.7388986741588144E-01,
    -5.7389054055135535E-01,
    -5.7389021643861804E-01,
    -5.7389009272222169E-01,
    -5.7389974778356967E-01,
    -5.7389956124067654E-01,
    -5.7389966831296646E-01,
    -5.7390000290580356E-01,
    -5.7389976560739031E-01,
    -5.7389995967639729E-01,
    -5.7389774759473711E-01,
    -5.7389748267374963E-01,
    -5.7389737251239392E-01,
    -5.7388776108446649E-01,
    -5.7388818861312230E-01,
    -5.7388857998069909E-01,
    -5.7388798811482533E-01,
    -5.7388836489353645E-01,
    -5.7388884326964718E-01,
    -5.7389898121938754E-01,
    -5.7389933035281615E-01,
    -5.7389950442762794E-01,
    -5.7388785855073965E-01,
    -5.7388810540846624E-01,
    -5.7388857917954850E-01,
    -5.7388814252496234E-01,
    -5.7388833862517930E-01,
    -5.7388889940173204E-01,
    -5.7389913331273901E-01,
    -5.7389930176675685E-01,
    -5.7389955824035688E-01,
    -5.7388663792127503E-01,
    -5.7388645415753625E-01,
    -5.7388646149629230E-01,
    -5.7387489471573927E-01,
    -5.7387475008404765E-01,
    -5.7387301884658526E-01,
    -5.7387515011048085E-01,
    -5.7387497103730711E-01,
    -5.7387336668392386E-01,
    -5.7389158166013465E-01,
    -5.7389156400114838E-01,
    -5.7388951041152592E-01,
    -5.7388013530063509E-01,
    -5.7388015677773097E-01,
    -5.7387636401256370E-01,
    -5.7388034856825154E-01,
    -5.7388033560579843E-01,
    -5.7387666972851281E-01,
    -5.7389163663589282E-01,
    -5.7389152797158460E-01,
    -5.7388966131507402E-01,
    -5.7388016647852647E-01,
    -5.7388009694970699E-01,
    -5.7387649112473849E-01,
    -5.7388039341353092E-01,
    -5.7388028943922631E-01,
    -5.7387681050641670E-01,
    -5.7306269085149575E-01,
    -5.7306589719329759E-01,
    -5.7306580368855664E-01,
    -5.7305160612700301E-01,
    -5.7305493544431130E-01,
    -5.7305486807642791E-01,
    -5.7305198590601103E-01,
    -5.7305519129265781E-01,
    -5.7305514151589443E-01,
    -5.7306284662392870E-01,
    -5.7306583109386888E-01,
    -5.7306580315432765E-01,
    -5.7305176872806007E-01,
    -5.7305487617865025E-01,
    -5.7305487438044844E-01,
    -5.7305208711526701E-01,
    -5.7305507063194494E-01,
    -5.7305508641978942E-01,
    -5.7306284732057555E-01,
    -5.7306271735458658E-01,
    -5.7306256839974679E-01,
    -5.7304971606560706E-01,
    -5.7304970892452445E-01,
    -5.7304958608961620E-01,
    -5.7305006920211055E-01,
    -5.7304993812660676E-01,
    -5.7304983287737732E-01,
    -5.7303769594984211E-01,
    -5.7303750817808174E-01,
    -5.7303731027656535E-01,
    -5.7303790089381679E-01,
    -5.7303764951834324E-01,
    -5.7303756929183758E-01,
    -5.7303587280328716E-01,
    -5.7303557612986555E-01,
    -5.7303539813148519E-01,
    -5.7304498140145355E-01,
    -5.7304506863175309E-01,
    -5.7304531703580908E-01,
    -5.7304517178075409E-01,
    -5.7304519541349164E-01,
    -5.7304556150536134E-01,
    -5.7303995518223483E-01,
    -5.7303993349900584E-01,
    -5.7304020176529735E-01,
    -5.7304509546105165E-01,
    -5.7304500566271543E-01,
    -5.7304534113797656E-01,
    -5.7304539457637449E-01,
    -5.7304524117498401E-01,
    -5.7304569433406172E-01,
    -5.7304019274304974E-01,
    -5.7303999401665762E-01,
    -5.7304034935217441E-01,
    -5.7305060119467044E-01,
    -5.7305042878336676E-01,
    -5.7305023725041793E-01,
    -5.7305824378962178E-01,
    -5.7305811579698995E-01,
    -5.7305333632188493E-01,
    -5.7305858090494122E-01,
    -5.7305842352999492E-01,
    -5.7305376674898156E-01,
    -5.7303977393332028E-01,
    -5.7303976396123579E-01,
    -5.7303751006649273E-01,
    -5.7304726068430101E-01,
    -5.7304729513245634E-01,
    -5.7304045250426172E-01,
    -5.7304753970149880E-01,
    -5.7304754477157804E-01,
    -5.7304082484240859E-01,
    -5.7303980838410984E-01,
    -5.7303971176677870E-01,
    -5.7303762769930588E-01,
    -5.7304733585663969E-01,
    -5.7304728366440161E-01,
    -5.7304061086470692E-01,
    -5.7304761021101380E-01,
    -5.7304752863381070E-01,
    -5.7304097853315905E-01,
    -5.7299284945992290E-01,
    -5.7299338715300807E-01,
    -5.7299320331985515E-01,
    -5.7299376824392867E-01,
    -5.7299420983195593E-01,
    -5.7299413924711140E-01,
    -5.7299456151526407E-01,
    -5.7299479801848141E-01,
    -5.7299471136890556E-01,
    -5.7299300247443563E-01,
    -5.7299343839183514E-01,
    -5.7299339447741182E-01,
    -5.7299390510821335E-01,
    -5.7299424492195816E-01,
    -5.7299431425955627E-01,
    -5.7299446484389616E-01,
    -5.7299459955706633E-01,
    -5.7299465282035333E-01,
    -5.7299322252761364E-01,
    -5.7299297459235810E-01,
    -5.7299281930854296E-01,
    -5.7299398247122568E-01,
    -5.7299363842600559E-01,
    -5.7299359637405822E-01,
    -5.7299455447437220E-01,
    -5.7299400533881195E-01,
    -5.7299394721687702E-01,
    -5.7300418995074220E-01,
    -5.7300423186357219E-01,
    -5.7300151319004089E-01,
    -5.7300439092320832E-01,
    -5.7300441900770549E-01,
    -5.7300191480673557E-01,
    -5.7300394335167537E-01,
    -5.7300389278468666E-01,
    -5.7300149255961241E-01,
    -5.7300424787824455E-01,
    -5.7300422171884358E-01,
    -5.7300169028477976E-01,
    -5.7300448525105496E-01,
    -5.7300444526307459E-01,
    -5.7300212830296449E-01,
    -5.7300396321128844E-01,
    -5.7300384456288045E-01,
    -5.7300163158583139E-01,
    -5.7301222102492999E-01,
    -5.7301203996911887E-01,
    -5.7300917018838005E-01,
    -5.7301248228523582E-01,
    -5.7301228738933108E-01,
    -5.7300963202332289E-01,
    -5.7301249579653879E-01,
    -5.7301222224603776E-01,
    -5.7300967087265475E-01,
    -5.7300185844405349E-01,
    -5.7299124491341480E-01,
    -5.7299115314737081E-01,
    -5.7300221271081420E-01,
    -5.7299149099429691E-01,
    -5.7299141457270397E-01,
    -5.7299727000779843E-01,
    -5.7299940124205229E-01,
    -5.7299928116365084E-01,
    -5.7300248022593270E-01,
    -5.7299194470948045E-01,
    -5.7299193014153915E-01,
    -5.7300278494343970E-01,
    -5.7299214124074382E-01,
    -5.7299214201712079E-01,
    -5.7299775144918308E-01,
    -5.7299996079838300E-01,
    -5.7299991791083260E-01,
    -5.7300293772512012E-01,
    -5.7299222622180157E-01,
    -5.7299209737760037E-01,
    -5.7300333830226147E-01,
    -5.7299251861986689E-01,
    -5.7299240511064298E-01,
    -5.7299802256808730E-01,
    -5.7300005595595471E-01,
    -5.7299989878936031E-01,
    -5.7353750468183162E-01,
    -5.7354236855769669E-01,
    -5.7354225871088405E-01,
    -5.7353777304835662E-01,
    -5.7354250953890940E-01,
    -5.7354240692877234E-01,
    -5.7353585060804702E-01,
    -5.7353795336537305E-01,
    -5.7353782294430777E-01,
    -5.7353774604715468E-01,
    -5.7354220606823625E-01,
    -5.7354220119439547E-01,
    -5.7353796618336284E-01,
    -5.7354229882155650E-01,
    -5.7354230118240790E-01,
    -5.7353598300154152E-01,
    -5.7353768186237919E-01,
    -5.7353765640638577E-01,
    -5.7353780854869163E-01,
    -5.7354210287613105E-01,
    -5.7354197894167458E-01,
    -5.7353819588879396E-01,
    -5.7354236284130777E-01,
    -5.7354224613523563E-01,
    -5.7353613507571344E-01,
    -5.7353766826532970E-01,
    -5.7353752374855005E-01,
    -5.7354460715653310E-01,
    -5.7354458962527310E-01,
    -5.7354396767335225E-01,
