{
  "version":  "0.5.0",
  "energy":    -6.1180945442939219E+03,
  "energies": [
    -5.7005143803869684E-01,
    -5.6997147406451665E-01,
    -5.7008164564634189E-01,
    -5.7000166989022616E-01,
    -5.7006084972980953E-01,
    -5.6998625768000954E-01,
    -5.7009105776934743E-01,
    -5.7001645847982974E-01,
    -5.7001811012585635E-01,
    -5.7009275688128824E-01,
    -5.6998789402779571E-01,
    -5.7006253354488978E-01,
    -5.7000333237338729E-01,
    -5.7008334726312082E-01,
    -5.6997312124855914E-01,
    -5.7005312435972977E-01,
    -5.6973727507509109E-01,
    -5.6972045857608189E-01,
    -5.6976477317325691E-01,
    -5.6974795630806074E-01,
    -5.6981664253452302E-01,
    -5.6974517315723827E-01,
    -5.6984415689382628E-01,
    -5.6977266315961062E-01,
    -5.6976475562304396E-01,
    -5.6983618297441241E-01,
    -5.6973726280467218E-01,
    -5.6980866581238654E-01,
    -5.6973999235150785E-01,
    -5.6975682055907406E-01,
    -5.6971249180571193E-01,
    -5.6972931964794715E-01,
    -5.6852298886415398E-01,
    -5.6853635617251252E-01,
    -5.6851436598240879E-01,
    -5.6852773140824042E-01,
    -5.6852852956216904E-01,
    -5.6856395301615315E-01,
    -5.6851990772268624E-01,
    -5.6855532827879807E-01,
    -5.6855381070467226E-01,
    -5.6851839411819993E-01,
    -5.6856243182481403E-01,
    -5.6852701234082492E-01,
    -5.6852623380937839E-01,
    -5.6851285375413907E-01,
    -5.6853485495797373E-01,
    -5.6852147302023037E-01,
    -5.6606151974702745E-01,
    -5.6607464907985205E-01,
    -5.6605859906176981E-01,
    -5.6607172380020521E-01,
    -5.6605408980401073E-01,
    -5.6609108588832169E-01,
    -5.6605116983703185E-01,
    -5.6608815822555303E-01,
    -5.6608436181060651E-01,
    -5.6604738227220275E-01,
    -5.6608728962539578E-01,
    -5.6605030239091103E-01,
    -5.6606794562002138E-01,
    -5.6605481025173154E-01,
    -5.6607087105253640E-01,
    -5.6605773108834501E-01,
    -5.6862945031558498E-01,
    -5.6863420417406896E-01,
    -5.6859106992384756E-01,
    -5.6859582387930052E-01,
    -5.6864613700987487E-01,
    -5.6865464126994469E-01,
    -5.6860775791771667E-01,
    -5.6861626387306752E-01,
    -5.6861885340884399E-01,
    -5.6861034571525904E-01,
    -5.6865724713843535E-01,
    -5.6864874114309327E-01,
    -5.6859840986702515E-01,
    -5.6859364748271901E-01,
    -5.6863680649618276E-01,
    -5.6863204421089808E-01,
    -5.6866425898665152E-01,
    -5.6854461277066204E-01,
    -5.6868406722632669E-01,
    -5.6856442282413189E-01,
    -5.6862174987029235E-01,
    -5.6852850902964858E-01,
    -5.6864156479607497E-01,
    -5.6854831897226177E-01,
    -5.6854417445902716E-01,
    -5.6863739920897438E-01,
    -5.6852435598616291E-01,
    -5.6861757575019267E-01,
    -5.6856026343654598E-01,
    -5.6867987217681415E-01,
    -5.6854044485486521E-01,
    -5.6866005540459164E-01,
    -5.7002894185339714E-01,
    -5.7002283385161701E-01,
    -5.7004418056039052E-01,
    -5.7003807002850104E-01,
    -5.7005341484788163E-01,
    -5.7005179024222541E-01,
    -5.7006865741663615E-01,
    -5.7006702878340931E-01,
    -5.7007172860337163E-01,
    -5.7007336654967589E-01,
    -5.7005647924392033E-01,
    -5.7005811316391930E-01,
    -5.7004276183683333E-01,
    -5.7004887293224238E-01,
    -5.7002751484178238E-01,
    -5.7003362340714281E-01,
    -5.6940462567963146E-01,
    -5.6939767852453294E-01,
    -5.6941716223738503E-01,
    -5.6941020436104806E-01,
    -5.6940135444823059E-01,
    -5.6940110552289502E-01,
    -5.6941387364212592E-01,
    -5.6941362642786530E-01,
    -5.6941871994994520E-01,
    -5.6941896030634276E-01,
    -5.6940622556373655E-01,
    -5.6940646766375391E-01,
    -5.6941530471056445E-01,
    -5.6942225088656706E-01,
    -5.6940280539554133E-01,
    -5.6940974088885576E-01,
    -5.6705529062605875E-01,
    -5.6706039456130575E-01,
    -5.6707704934199643E-01,
    -5.6708215333971057E-01,
    -5.6704683875317985E-01,
    -5.6705719550399347E-01,
    -5.6706859053178449E-01,
    -5.6707894590534347E-01,
    -5.6708211202567982E-01,
    -5.6707176415861693E-01,
    -5.6706038128949487E-01,
    -5.6705003199827719E-01,
    -5.6708532067927198E-01,
    -5.6708021208887971E-01,
    -5.6706358158315995E-01,
    -5.6705847306479407E-01,
    -5.6923653791815643E-01,
    -5.6926544246555733E-01,
    -5.6926103642169468E-01,
    -5.6928994003320132E-01,
    -5.6925995937779117E-01,
    -5.6921100486058251E-01,
    -5.6928445638629210E-01,
    -5.6923548911447708E-01,
    -5.6923620148171172E-01,
    -5.6928518290073449E-01,
    -5.6921171468551812E-01,
    -5.6926068335560920E-01,
    -5.6929067696128732E-01,
    -5.6926177109460363E-01,
    -5.6926617686692915E-01,
    -5.6923727006294489E-01,
    -7.5346308887308794E+01,
    -7.5346293805253936E+01,
    -7.5346235663284247E+01,
    -7.5346220566898992E+01,
    -7.5346201097630342E+01,
    -7.5346266082918390E+01,
    -7.5346127872024539E+01,
    -7.5346192820541859E+01,
    -7.5345831758817127E+01,
    -7.5345579547079311E+01,
    -7.5345733918122050E+01,
    -7.5345481791692677E+01,
    -7.5345640212979191E+01,
    -7.5345468019590513E+01,
    -7.5345542412689909E+01,
    -7.5345370258020210E+01,
    -7.5340317381171502E+01,
    -7.5340230881695149E+01,
    -7.5340231101019270E+01,
    -7.5340144577077837E+01,
    -7.5340287069661031E+01,
    -7.5340196656117641E+01,
    -7.5340200723588666E+01,
    -7.5340110284160900E+01,
    -7.5339158207129472E+01,
    -7.5339061448403598E+01,
    -7.5339073809846056E+01,
    -7.5338977078580967E+01,
    -7.5338973699730801E+01,
    -7.5338873143483553E+01,
    -7.5338889358731706E+01,
    -7.5338788827187869E+01,
    -7.5338491373282707E+01,
    -7.5338398442917921E+01,
    -7.5338886733528440E+01,
    -7.5338793842268146E+01,
    -7.5338391429741492E+01,
    -7.5338287248470735E+01,
    -7.5338786845710985E+01,
    -7.5338682703069523E+01,
    -7.5337790226514016E+01,
    -7.5337709128546976E+01,
    -7.5337225036098403E+01,
    -7.5337143847894282E+01,
    -7.5337684531852801E+01,
    -7.5337592188007960E+01,
    -7.5337119267285544E+01,
    -7.5337026831286906E+01,
    -7.5336070624574489E+01,
    -7.5336176868349284E+01,
    -7.5336037686389048E+01,
    -7.5336143890958198E+01,
    -7.5336461370343415E+01,
    -7.5336324768550298E+01,
    -7.5336428436906431E+01,
    -7.5336291794603213E+01,
    -7.5335429529848582E+01,
    -7.5335379491837472E+01,
    -7.5335292355157790E+01,
    -7.5335242360291915E+01,
    -7.5335062786617414E+01,
    -7.5334769531864751E+01,
    -7.5334925630472142E+01,
    -7.5334632373050738E+01,
    -7.5334914546406992E+01,
    -7.5335036406174282E+01,
    -7.5334896790548029E+01,
    -7.5335018625671253E+01,
    -7.5334807734764567E+01,
    -7.5334916629816462E+01,
    -7.5334789914659240E+01,
    -7.5334898793732009E+01,
    -7.5334049003651018E+01,
    -7.5333751293955288E+01,
    -7.5333895094663475E+01,
    -7.5333597404734405E+01,
    -7.5333948232819480E+01,
    -7.5333637560533830E+01,
    -7.5333794367513320E+01,
    -7.5333483725486815E+01
  ]
}
