{
  "version":  "0.6.0",
  "energy":    -3.6716910661440420E+03,
  "energies": [
    -5.7231647638021788E-01,
    -5.7231647638021688E-01,
    -5.7231647638021754E-01,
    -5.7231647638021765E-01,
    -5.7231647638021876E-01,
    -5.7231647638021865E-01,
    -5.7231647638021754E-01,
    -5.7231647638021710E-01,
    -5.7232550553165262E-01,
    -5.7232550553165218E-01,
    -5.7232550553165140E-01,
    -5.7232550553165185E-01,
    -5.7232550553165218E-01,
    -5.7232550553165207E-01,
    -5.7232550553165173E-01,
    -5.7232550553165185E-01,
    -5.7231785959728387E-01,
    -5.7231785959728365E-01,
    -5.7231785959728343E-01,
    -5.7231785959728432E-01,
    -5.7231785959728398E-01,
    -5.7231785959728376E-01,
    -5.7231785959728276E-01,
    -5.7231785959728343E-01,
    -5.7143694899527764E-01,
    -5.7143694899527731E-01,
    -5.7143694899527764E-01,
    -5.7143694899527808E-01,
    -5.7143694899527764E-01,
    -5.7143694899527708E-01,
    -5.7143694899527819E-01,
    -5.7143694899527808E-01,
    -5.7142752316333312E-01,
    -5.7142752316333301E-01,
    -5.7142752316333234E-01,
    -5.7142752316333278E-01,
    -5.7142752316333323E-01,
    -5.7142752316333278E-01,
    -5.7142752316333234E-01,
    -5.7142752316333201E-01,
    -5.7142984695625509E-01,
    -5.7142984695625387E-01,
    -5.7142984695625376E-01,
    -5.7142984695625454E-01,
    -5.7142984695625398E-01,
    -5.7142984695625398E-01,
    -5.7142984695625454E-01,
    -5.7142984695625498E-01,
    -5.7132427511195050E-01,
    -5.7132427511195005E-01,
    -5.7132427511195072E-01,
    -5.7132427511195039E-01,
    -5.7132427511194961E-01,
    -5.7132427511194983E-01,
    -5.7132427511195105E-01,
    -5.7132427511195005E-01,
    -5.7133473392842915E-01,
    -5.7133473392842926E-01,
    -5.7133473392842882E-01,
    -5.7133473392842959E-01,
    -5.7133473392843004E-01,
    -5.7133473392842893E-01,
    -5.7133473392842959E-01,
    -5.7133473392843026E-01,
    -5.7132252477066925E-01,
    -5.7132252477067003E-01,
    -5.7132252477066936E-01,
    -5.7132252477066880E-01,
    -5.7132252477066980E-01,
    -5.7132252477066825E-01,
    -5.7132252477066992E-01,
    -5.7132252477066836E-01,
    -5.7197255092123422E-01,
    -5.7197255092123511E-01,
    -5.7197255092123445E-01,
    -5.7197255092123445E-01,
    -5.7197255092123422E-01,
    -5.7197255092123356E-01,
    -5.7197255092123422E-01,
    -5.7197255092123422E-01,
    -5.7197471498982821E-01,
    -5.7197471498982877E-01,
    -5.7197471498982855E-01,
    -5.7197471498982810E-01,
    -5.7197471498982821E-01,
    -5.7197471498982766E-01,
    -5.7197471498982755E-01,
    -5.7197471498982766E-01,
    -5.7198176015111302E-01,
    -5.7198176015111213E-01,
    -5.7198176015111191E-01,
    -5.7198176015111268E-01,
    -5.7198176015111402E-01,
    -5.7198176015111313E-01,
    -5.7198176015111279E-01,
    -5.7198176015111268E-01,
    -7.5353612051115803E+01,
    -7.5353568435161264E+01,
    -7.5353572904341334E+01,
    -7.5353529288386781E+01,
    -7.5353533792557471E+01,
    -7.5353490176602904E+01,
    -7.5353494645782988E+01,
    -7.5353451029828435E+01,
    -7.5352014604768030E+01,
    -7.5351970988066313E+01,
    -7.5351975457322609E+01,
    -7.5351931840620892E+01,
    -7.5351936344868392E+01,
    -7.5351892728166675E+01,
    -7.5351897197422971E+01,
    -7.5351853580721254E+01,
    -7.5350422530984233E+01,
    -7.5350378914763468E+01,
    -7.5350383383970765E+01,
    -7.5350339767750000E+01,
    -7.5350344271948131E+01,
    -7.5350300655727366E+01,
    -7.5350305124934664E+01,
    -7.5350261508713899E+01,
    -7.5349810653751845E+01,
    -7.5349767004328314E+01,
    -7.5349771476923394E+01,
    -7.5349727827499862E+01,
    -7.5349732335112392E+01,
    -7.5349688685688847E+01,
    -7.5349693158283941E+01,
    -7.5349649508860409E+01,
    -7.5348218082290813E+01,
    -7.5348174431489184E+01,
    -7.5348178904225605E+01,
    -7.5348135253423990E+01,
    -7.5348139761178956E+01,
    -7.5348096110377327E+01,
    -7.5348100583113748E+01,
    -7.5348056932312119E+01,
    -7.5346623876573105E+01,
    -7.5346580228074686E+01,
    -7.5346584700574681E+01,
    -7.5346541052076276E+01,
    -7.5346545559592968E+01,
    -7.5346501911094563E+01,
    -7.5346506383594559E+01,
    -7.5346462735096139E+01
  ]
}
