{
  "artifact": "LC10 final g-xTB versus frozen GFN2-xTB comparison",
  "benchmark": "LC10 fixed common subset",
  "conversion_eV_to_kJmol": 96.4853321233,
  "gfn2_frozen": {
    "a0_error_A": {
      "mae": 0.06240968,
      "me": -0.00578455,
      "rmse": 0.08991429
    },
    "ecoh_error_eV_per_atom": {
      "mae": 1.29932483,
      "me": 1.10698251,
      "rmse": 1.58110318
    },
    "ecoh_error_kJmol_per_atom": {
      "mae": 125.3657877586003,
      "me": 106.80757513203426,
      "rmse": 152.55326544350578
    },
    "protocol": "native-Bloch k444 equation of state; k333, k444, and k555 cohesive-energy single-point checks"
  },
  "gxtb_final_adaptive": {
    "a0_error_A": {
      "mae": 0.14778224750000005,
      "maxae": 0.2671348265000004,
      "me": -0.1437475865200002,
      "rmse": 0.17303488392612823
    },
    "ecoh_error_eV_per_atom": {
      "mae": 0.29482488435130005,
      "maxae": 0.7983311902359995,
      "me": 0.23000051195470012,
      "rmse": 0.350756304537922
    },
    "ecoh_error_kJmol_per_atom": {
      "mae": 28.44627688485165,
      "maxae": 77.02725003431779,
      "me": 22.191675784480573,
      "rmse": 33.84283853768627
    },
    "mesh_counts": {
      "k888": 2,
      "k999": 4,
      "k101010": 3,
      "k111111": 1
    },
    "protocol": "one-step per-solid adaptive native-Bloch convergence; denser accepted endpoint retained"
  },
  "mesh_matched_k444": {
    "gfn2": {
      "a0_mae_A": 0.06240968,
      "ecoh_mae_eV_per_atom": 1.29932483,
      "ecoh_mae_kJmol_per_atom": 125.3657877586003
    },
    "gxtb": {
      "a0_mae_A": 0.16384382993000002,
      "ecoh_mae_eV_per_atom": 0.42303165697940004,
      "ecoh_mae_kJmol_per_atom": 40.81634992233156
    },
    "gxtb_a0_mae_ratio_to_gfn2": 2.6252951454005213,
    "gxtb_ecoh_mae_reduction_percent_vs_gfn2": 67.4421940370831
  },
  "publication_status": "final_gxtb_final_gfn2",
  "schema_version": 2,
  "sources": {
    "gfn2_summary": {
      "path": "Goldzak12/data/eos_summary.csv",
      "sha256": "fdfc5c9da488e5363240fc2a1eda245721cb5ccccd90d26b0237219d68ee00c8"
    },
    "gxtb_final_aggregate": {
      "path": "Goldzak12/data/lc10_gxtb_final_aggregate.json",
      "sha256": "68214d2dd95d192de9558ca31d569a811d1393215ae7508483582487f55bb494"
    },
    "gxtb_final_selected_values": {
      "path": "Goldzak12/data/lc10_gxtb_final_selected_values.csv",
      "sha256": "ee9d4a886fd497f062f1f3722a7b7fc03786841d63e355b1df2d3cd5635858a1"
    },
    "reference": {
      "path": "Goldzak12/data/reference_goldzak2022.csv",
      "sha256": "9cd6d545aa5a4e870a1be38ccfadda01996b44d5c0ed83224b2e5c5ac2f975e4"
    },
    "validation_archive_sha256_manifest": {
      "path": "validation/lc10_gxtb_final_adaptive_20260716/SHA256SUMS",
      "sha256": "f70b45d0c50af23d1144715aa6e789626346aae8c921280b855f4ff5568869d7"
    }
  },
  "summary": {
    "adaptive_a0_mae_difference_gxtb_minus_gfn2_A": 0.0853725675,
    "adaptive_a0_mae_ratio_gxtb_over_gfn2": 2.367937914438914,
    "adaptive_ecoh_mae_difference_gxtb_minus_gfn2_eV_per_atom": -1.0044999456487,
    "adaptive_ecoh_mae_difference_gxtb_minus_gfn2_kJmol_per_atom": -96.91951087375162,
    "adaptive_ecoh_mae_reduction_percent_vs_gfn2": 77.30937810591213,
    "gfn2_ecoh_mae_ratio_over_adaptive_gxtb": 4.407107062413983
  },
  "systems": [
    "C",
    "Si",
    "SiC",
    "BN",
    "BP",
    "AlN",
    "AlP",
    "MgS",
    "LiF",
    "LiCl"
  ]
}
