{
  "version":  "0.6.0",
  "energy":    -3.6716910661440420E+03,
  "energies": [
    -5.7231647638021910E-01,
    -5.7231647638021843E-01,
    -5.7231647638021765E-01,
    -5.7231647638021788E-01,
    -5.7231647638021810E-01,
    -5.7231647638021932E-01,
    -5.7231647638021921E-01,
    -5.7231647638021776E-01,
    -5.7232550553165096E-01,
    -5.7232550553165251E-01,
    -5.7232550553165185E-01,
    -5.7232550553165118E-01,
    -5.7232550553165173E-01,
    -5.7232550553165229E-01,
    -5.7232550553165162E-01,
    -5.7232550553165129E-01,
    -5.7231785959728354E-01,
    -5.7231785959728265E-01,
    -5.7231785959728376E-01,
    -5.7231785959728365E-01,
    -5.7231785959728487E-01,
    -5.7231785959728343E-01,
    -5.7231785959728365E-01,
    -5.7231785959728321E-01,
    -5.7143694899528097E-01,
    -5.7143694899527975E-01,
    -5.7143694899527919E-01,
    -5.7143694899528064E-01,
    -5.7143694899527919E-01,
    -5.7143694899528041E-01,
    -5.7143694899527886E-01,
    -5.7143694899528008E-01,
    -5.7142752316333256E-01,
    -5.7142752316333389E-01,
    -5.7142752316333234E-01,
    -5.7142752316333256E-01,
    -5.7142752316333412E-01,
    -5.7142752316333334E-01,
    -5.7142752316333278E-01,
    -5.7142752316333212E-01,
    -5.7142984695625465E-01,
    -5.7142984695625376E-01,
    -5.7142984695625465E-01,
    -5.7142984695625565E-01,
    -5.7142984695625565E-01,
    -5.7142984695625598E-01,
    -5.7142984695625565E-01,
    -5.7142984695625509E-01,
    -5.7132427511195027E-01,
    -5.7132427511195016E-01,
    -5.7132427511195061E-01,
    -5.7132427511195027E-01,
    -5.7132427511195116E-01,
    -5.7132427511195116E-01,
    -5.7132427511195061E-01,
    -5.7132427511195016E-01,
    -5.7133473392842971E-01,
    -5.7133473392843048E-01,
    -5.7133473392843093E-01,
    -5.7133473392843015E-01,
    -5.7133473392843115E-01,
    -5.7133473392842993E-01,
    -5.7133473392843159E-01,
    -5.7133473392843181E-01,
    -5.7132252477067080E-01,
    -5.7132252477067003E-01,
    -5.7132252477067047E-01,
    -5.7132252477067003E-01,
    -5.7132252477067258E-01,
    -5.7132252477067091E-01,
    -5.7132252477067191E-01,
    -5.7132252477067114E-01,
    -5.7197255092123456E-01,
    -5.7197255092123278E-01,
    -5.7197255092123611E-01,
    -5.7197255092123456E-01,
    -5.7197255092123711E-01,
    -5.7197255092123500E-01,
    -5.7197255092123644E-01,
    -5.7197255092123478E-01,
    -5.7197471498982821E-01,
    -5.7197471498982888E-01,
    -5.7197471498982855E-01,
    -5.7197471498982844E-01,
    -5.7197471498982777E-01,
    -5.7197471498982999E-01,
    -5.7197471498982755E-01,
    -5.7197471498982799E-01,
    -5.7198176015111157E-01,
    -5.7198176015111246E-01,
    -5.7198176015111235E-01,
    -5.7198176015111113E-01,
    -5.7198176015111324E-01,
    -5.7198176015111157E-01,
    -5.7198176015111224E-01,
    -5.7198176015111291E-01,
    -7.5353612051115803E+01,
    -7.5353568435161250E+01,
    -7.5353572904341320E+01,
    -7.5353529288386767E+01,
    -7.5353533792557457E+01,
    -7.5353490176602890E+01,
    -7.5353494645782973E+01,
    -7.5353451029828420E+01,
    -7.5352014604768016E+01,
    -7.5351970988066299E+01,
    -7.5351975457322595E+01,
    -7.5351931840620878E+01,
    -7.5351936344868378E+01,
    -7.5351892728166661E+01,
    -7.5351897197422957E+01,
    -7.5351853580721240E+01,
    -7.5350422530984233E+01,
    -7.5350378914763468E+01,
    -7.5350383383970765E+01,
    -7.5350339767750000E+01,
    -7.5350344271948117E+01,
    -7.5350300655727352E+01,
    -7.5350305124934650E+01,
    -7.5350261508713885E+01,
    -7.5349810653751845E+01,
    -7.5349767004328314E+01,
    -7.5349771476923394E+01,
    -7.5349727827499862E+01,
    -7.5349732335112392E+01,
    -7.5349688685688861E+01,
    -7.5349693158283941E+01,
    -7.5349649508860409E+01,
    -7.5348218082290799E+01,
    -7.5348174431489184E+01,
    -7.5348178904225591E+01,
    -7.5348135253423976E+01,
    -7.5348139761178942E+01,
    -7.5348096110377313E+01,
    -7.5348100583113734E+01,
    -7.5348056932312119E+01,
    -7.5346623876573091E+01,
    -7.5346580228074686E+01,
    -7.5346584700574681E+01,
    -7.5346541052076262E+01,
    -7.5346545559592954E+01,
    -7.5346501911094549E+01,
    -7.5346506383594544E+01,
    -7.5346462735096139E+01
  ]
}
