{
  "version":  "0.6.0",
  "energy":    -7.6619009198183062E+02,
  "energies": [
    -5.6575440447944336E-01,
    -5.6575465377437295E-01,
    -5.6603377579218406E-01,
    -5.6602637616032081E-01,
    -5.6368775217799894E-01,
    -5.6368465812336499E-01,
    -5.6182423189981545E-01,
    -5.6182155959931057E-01,
    -5.6351177944309816E-01,
    -5.6351335803005831E-01,
    -5.6258504909462514E-01,
    -5.6258292224072415E-01,
    -5.6703817342239249E-01,
    -5.6704248159265014E-01,
    -5.6701061054794710E-01,
    -5.6701677762339342E-01,
    -5.6485858974102177E-01,
    -5.6486289548657442E-01,
    -5.6676577443998899E-01,
    -5.6676715853543047E-01,
    -7.5495916013162386E+01,
    -7.5495825326917000E+01,
    -7.5489975992645441E+01,
    -7.5489413128284724E+01,
    -7.5484984367768362E+01,
    -7.5484454893197437E+01,
    -7.5485711634234960E+01,
    -7.5485208249362074E+01,
    -7.5490469039939910E+01,
    -7.5489990354113630E+01
  ]
}
