{
  "version":  "0.5.0",
  "energy":    -1.2246417255016120E+03,
  "energies": [
    -5.6655577635808863E-01,
    -5.6692861091091062E-01,
    -5.6419803094755561E-01,
    -5.6818182035473630E-01,
    -5.6822711106291623E-01,
    -5.6529386302806073E-01,
    -5.6644257079135729E-01,
    -5.6877878244860003E-01,
    -5.6636028622498324E-01,
    -5.6427785489693882E-01,
    -5.7144068007185200E-01,
    -5.6702695142851312E-01,
    -5.6691516489756377E-01,
    -5.7116196284538989E-01,
    -5.6859813472450094E-01,
    -5.6639522700871137E-01,
    -5.6867730985356912E-01,
    -5.6639488596208987E-01,
    -5.6655547622922886E-01,
    -5.7100004048849662E-01,
    -5.6862456435603248E-01,
    -5.7098721169201916E-01,
    -5.6695056507758956E-01,
    -5.6537875661122694E-01,
    -5.7117657959260559E-01,
    -5.6871232942861094E-01,
    -5.6824161511375360E-01,
    -5.7142071649427950E-01,
    -5.6881757805085476E-01,
    -5.6820703566593933E-01,
    -5.5555119198142389E-01,
    -5.5557109735028931E-01,
    -7.5410083288762110E+01,
    -7.5411989587830107E+01,
    -7.5408506517211464E+01,
    -7.5408844450770616E+01,
    -7.5411277526552837E+01,
    -7.5407799793653922E+01,
    -7.5406354890215525E+01,
    -7.5406704434392410E+01,
    -7.5407967625714107E+01,
    -7.5404280674267198E+01,
    -7.5405222285840381E+01,
    -7.5402309560900548E+01,
    -7.5401712524060429E+01,
    -7.5399791711990773E+01,
    -7.5399356283666293E+01,
    -7.5400474563834720E+01
  ]
}
