{
  "version":  "0.6.0",
  "energy":    -7.6619468063876911E+02,
  "energies": [
    -5.6372535641304811E-01,
    -5.6195330827360479E-01,
    -5.6331205339437795E-01,
    -5.6226448697907094E-01,
    -5.6721773094063643E-01,
    -5.6682720936317821E-01,
    -5.6489143225893101E-01,
    -5.6634794954726586E-01,
    -5.6550503918087425E-01,
    -5.6603004749712549E-01,
    -5.6550506552332303E-01,
    -5.6602981060145008E-01,
    -5.6372551306848695E-01,
    -5.6195346854349892E-01,
    -5.6331198437196728E-01,
    -5.6226449236985687E-01,
    -5.6721765930615675E-01,
    -5.6682707329720972E-01,
    -5.6489133203765807E-01,
    -5.6634788173079886E-01,
    -7.5488357475140489E+01,
    -7.5489841061856453E+01,
    -7.5494668577390556E+01,
    -7.5489170467378443E+01,
    -7.5492667529458728E+01,
    -7.5494588800023820E+01,
    -7.5489013472415550E+01,
    -7.5492596936518680E+01,
    -7.5485535205150811E+01,
    -7.5482092218737250E+01
  ]
}
