{
  "version":  "0.6.0",
  "energy":    -4.5969699564302061E+02,
  "energies": [
    -5.6850153803919945E-01,
    -5.6850584509706281E-01,
    -5.6850316965780956E-01,
    -5.6736380865715041E-01,
    -5.6735816621169488E-01,
    -5.6735618338139715E-01,
    -5.6773707854590549E-01,
    -5.6774965767533758E-01,
    -5.6773843236014876E-01,
    -5.6834053778265536E-01,
    -5.6834579651606199E-01,
    -5.6835575910467662E-01,
    -7.5482841411501084E+01,
    -7.5481648926971175E+01,
    -7.5480468273751114E+01,
    -7.5479911359892512E+01,
    -7.5478722324007606E+01,
    -7.5477547373868006E+01
  ]
}
