{
  "version":  "0.6.0",
  "energy":    -7.6492086050556040E+01,
  "energies": [
    -7.5368719368580386E+01,
    -5.6168334098782036E-01,
    -5.6168334098782013E-01
  ],
  "virial": [
    -6.0586218387411087E-02,
    -3.3971621483538214E-17,
     9.5573369662128005E-17,
    -3.3971624377161637E-17,
     4.8497886035322152E-02,
    -2.9093189706506698E-17,
     8.3430305330290355E-17,
    -2.9093189292891148E-17,
    -8.7746694758209457E-03
  ],
  "gradient": [
     1.1207939958068902E-17,
     6.1108382905266755E-17,
     6.0838517948298018E-02,
    -3.8034370672041191E-02,
    -5.4200740610520853E-17,
    -3.0419258974148967E-02,
     3.8034370672041254E-02,
    -6.9076431385706664E-18,
    -3.0419258974149037E-02
  ]
}
