{
  "version":  "0.5.0",
  "energy":    -7.6536848925391917E+02,
  "energies": [
    -5.6684455906606335E-01,
    -5.6444663412184704E-01,
    -5.6604429766109254E-01,
    -5.6594773489292216E-01,
    -5.6915534795207356E-01,
    -5.6793739155828793E-01,
    -5.6592372973732008E-01,
    -5.6760338081554829E-01,
    -5.6826453540828692E-01,
    -5.6831883378002224E-01,
    -5.6826453374211527E-01,
    -5.6831869328459350E-01,
    -5.6684472356155291E-01,
    -5.6444679587415314E-01,
    -5.6604425900452393E-01,
    -5.6594773499925943E-01,
    -5.6915527941933508E-01,
    -5.6793730772394446E-01,
    -5.6592368244161595E-01,
    -5.6760325523790400E-01,
    -7.5407548153302926E+01,
    -7.5406153361547766E+01,
    -7.5407868811719226E+01,
    -7.5402651836898826E+01,
    -7.5403128184381757E+01,
    -7.5405535352840758E+01,
    -7.5400293312542829E+01,
    -7.5400825621592617E+01,
    -7.5397457040696736E+01,
    -7.5396054868113183E+01
  ]
}
