{
  "version":  "0.6.0",
  "energy":    -6.9953842451857390E+03,
  "energies": [
    -3.2219734614717738E-01,
    -3.2219759778434182E-01,
    -3.2219752783640987E-01,
    -3.2219321991880312E-01,
    -3.2219660885873647E-01,
    -3.2219499477522584E-01,
    -3.2219679050683581E-01,
    -3.2219061849232133E-01,
    -3.2223709129459582E-01,
    -3.2223299777096404E-01,
    -3.2223288112235088E-01,
    -3.2222667416722717E-01,
    -3.2223748728063156E-01,
    -3.2223314783073204E-01,
    -3.2223327713357264E-01,
    -3.2222682423130677E-01,
    -3.2222954825277711E-01,
    -3.2222772226475321E-01,
    -3.2222949059390038E-01,
    -3.2222741406357608E-01,
    -3.2223034810543894E-01,
    -3.2222399410807950E-01,
    -3.2223029045163865E-01,
    -3.2222368590469658E-01,
    -3.2219340615803277E-01,
    -3.2219358937822845E-01,
    -3.2219837462748896E-01,
    -3.2219783937661056E-01,
    -3.2219348478118293E-01,
    -3.2219394213385044E-01,
    -3.2219845324519747E-01,
    -3.2219819215792933E-01,
    -3.2181118207857046E-01,
    -3.2181156489888080E-01,
    -3.2181039376323328E-01,
    -3.2181140807851744E-01,
    -3.2181414080945009E-01,
    -3.2181369805125259E-01,
    -3.2181335245645271E-01,
    -3.2181354125108519E-01,
    -3.2219522079137530E-01,
    -3.2219525272406430E-01,
    -3.2219064270287778E-01,
    -3.2219095217921073E-01,
    -3.2219921783562877E-01,
    -3.2219993023563559E-01,
    -3.2219463774232110E-01,
    -3.2219562769623988E-01,
    -3.2217910402666189E-01,
    -3.2217536479970849E-01,
    -3.2218109133202882E-01,
    -3.2216879161989392E-01,
    -3.2217942129497118E-01,
    -3.2217526081923131E-01,
    -3.2218140861134603E-01,
    -3.2216868765678591E-01,
    -3.2222988983491979E-01,
    -3.2223054577160543E-01,
    -3.2222980558069614E-01,
    -3.2222526454735423E-01,
    -3.2222987798183650E-01,
    -3.2222146621290743E-01,
    -3.2222979372537347E-01,
    -3.2221618715355926E-01,
    -3.2218199332172776E-01,
    -3.2217429284731891E-01,
    -3.2218191676672336E-01,
    -3.2217378136012476E-01,
    -3.2218248270377015E-01,
    -3.2216957082456799E-01,
    -3.2218240615646149E-01,
    -3.2216905933731127E-01,
    -3.2205705675268476E-01,
    -3.2205705274800961E-01,
    -3.2206208299976263E-01,
    -3.2206198542822750E-01,
    -3.2205745009631043E-01,
    -3.2205749632961345E-01,
    -3.2206247638888363E-01,
    -3.2206242906242127E-01,
    -3.2198545130105366E-01,
    -3.2198553409069947E-01,
    -3.2198542365045152E-01,
    -3.2198554385995526E-01,
    -3.2199414741675958E-01,
    -3.2199409642234827E-01,
    -3.2199411971076675E-01,
    -3.2199410614688884E-01,
    -3.2206202780552518E-01,
    -3.2206203344231454E-01,
    -3.2205753139244442E-01,
    -3.2205758429648068E-01,
    -3.2206710601452937E-01,
    -3.2206715718964019E-01,
    -3.2206260760610905E-01,
    -3.2206270605175219E-01,
    -3.2225558704174229E-01,
    -3.2226184420508858E-01,
    -3.2225788087709811E-01,
    -3.2226178364525782E-01,
    -3.2225465025669797E-01,
    -3.2226218736880868E-01,
    -3.2225694398980731E-01,
    -3.2226212681318411E-01,
    -3.2224365903742352E-01,
    -3.2225057656749773E-01,
    -3.2225283566499702E-01,
    -3.2225058058931816E-01,
    -3.2224311466361871E-01,
    -3.2225068113101540E-01,
    -3.2225229154347818E-01,
    -3.2225068512059313E-01,
    -3.2045849746910093E-01,
    -3.2046692641949542E-01,
    -3.2046190364930227E-01,
    -3.2046643760308241E-01,
    -3.2046203367947845E-01,
    -3.2046702914090047E-01,
    -3.2046544023614809E-01,
    -3.2046654033158700E-01,
    -3.2224161892043268E-01,
    -3.2224777946965943E-01,
    -3.2224029336193932E-01,
    -3.2224775193441718E-01,
    -3.2224568015130400E-01,
    -3.2224806169352133E-01,
    -3.2224435507683152E-01,
    -3.2224803416350045E-01,
    -3.2225339923798585E-01,
    -3.2226008542894324E-01,
    -3.2225308564438909E-01,
    -3.2226046901632094E-01,
    -3.2225142017419806E-01,
    -3.2226042021275925E-01,
    -3.2225110651737654E-01,
    -3.2226080380117900E-01,
    -3.2216006610047243E-01,
    -3.2216001268877748E-01,
    -3.2215524986170679E-01,
    -3.2215524302698434E-01,
    -3.2215765819072628E-01,
    -3.2215771352704181E-01,
    -3.2215284232123703E-01,
    -3.2215294424209751E-01,
    -3.2215159560152490E-01,
    -3.2215166609784995E-01,
    -3.2216055587355880E-01,
    -3.2216053889755797E-01,
    -3.2215282213009772E-01,
    -3.2215293817867940E-01,
    -3.2216178178869231E-01,
    -3.2216181037124286E-01,
    -3.2199562927913544E-01,
    -3.2199571843466712E-01,
    -3.2199796891314991E-01,
    -3.2199803941042082E-01,
    -3.2199639527265866E-01,
    -3.2199641092474102E-01,
    -3.2199873486843839E-01,
    -3.2199873186965083E-01,
    -3.2199709439596802E-01,
    -3.2199710744907101E-01,
    -3.2199694770171594E-01,
    -3.2199700673143289E-01,
    -3.2199312109298461E-01,
    -3.2199320796302516E-01,
    -3.2199297439137903E-01,
    -3.2199310723672864E-01,
    -3.2214818132880213E-01,
    -3.2214823614074867E-01,
    -3.2214916319172149E-01,
    -3.2214916852995285E-01,
    -3.2215042799823534E-01,
    -3.2215051017430751E-01,
    -3.2215140987181345E-01,
    -3.2215144257965372E-01,
    -3.2216037059845876E-01,
    -3.2216040601519386E-01,
    -3.2216109202760196E-01,
    -3.2216114424080955E-01,
    -3.2215121823875675E-01,
    -3.2215128639138030E-01,
    -3.2215193907684381E-01,
    -3.2215202402474186E-01,
    -3.2045752838210723E-01,
    -3.2046608656817416E-01,
    -3.2045513025550776E-01,
    -3.2046597535958404E-01,
    -3.2046756374735608E-01,
    -3.2046583580067323E-01,
    -3.2046516534993397E-01,
    -3.2046572459146427E-01,
    -7.2226487992347970E+01,
    -7.2226480386512478E+01,
    -7.2226481846964148E+01,
    -7.2226495755523302E+01,
    -7.2226477481188951E+01,
    -7.2226475891068318E+01,
    -7.2226471335859642E+01,
    -7.2226491254366977E+01,
    -7.2226302992617804E+01,
    -7.2226316456149917E+01,
    -7.2226285880072084E+01,
    -7.2226307017791299E+01,
    -7.2226290139864503E+01,
    -7.2226302991962228E+01,
    -7.2226273026421353E+01,
    -7.2226293552799930E+01,
    -7.2225991266735477E+01,
    -7.2225991155593562E+01,
    -7.2225985278659408E+01,
    -7.2225984849134448E+01,
    -7.2225978108856495E+01,
    -7.2225999819929527E+01,
    -7.2225972120779673E+01,
    -7.2225993514029426E+01,
    -7.2226312338378108E+01,
    -7.2226303008343180E+01,
    -7.2226283880685202E+01,
    -7.2226276265065280E+01,
    -7.2226300608598720E+01,
    -7.2226291136668308E+01,
    -7.2226272150322288E+01,
    -7.2226264392817384E+01,
    -7.2225992431904572E+01,
    -7.2225983120672566E+01,
    -7.2226006970972236E+01,
    -7.2225997534062955E+01,
    -7.2225959060214194E+01,
    -7.2225949458166994E+01,
    -7.2225973605708489E+01,
    -7.2225963877956829E+01,
    -7.2223879083852708E+01,
    -7.2223870498569781E+01,
    -7.2223861389948397E+01,
    -7.2223863303820735E+01,
    -7.2223870209423254E+01,
    -7.2223857828069228E+01,
    -7.2223852515445074E+01,
    -7.2223850633280378E+01,
    -7.2223580205652326E+01,
    -7.2223573422085906E+01,
    -7.2223579340282157E+01,
    -7.2223568718673008E+01,
    -7.2223578866443134E+01,
    -7.2223559040235926E+01,
    -7.2223578001266446E+01,
    -7.2223554336783891E+01,
    -7.2224097627977955E+01,
    -7.2224089614274916E+01,
    -7.2224083159596688E+01,
    -7.2224076746976294E+01,
    -7.2224096138617824E+01,
    -7.2224089035878976E+01,
    -7.2224081669518668E+01,
    -7.2224076167933902E+01,
    -7.2223785857929514E+01,
    -7.2223780345583762E+01,
    -7.2223769495021926E+01,
    -7.2223762995316989E+01,
    -7.2223769859047493E+01,
    -7.2223764518927666E+01,
    -7.2223753496076185E+01,
    -7.2223747168570299E+01,
    -7.2223498198331157E+01,
    -7.2223491175161243E+01,
    -7.2223492044624962E+01,
    -7.2223485192009903E+01,
    -7.2223473197195830E+01,
    -7.2223467752036058E+01,
    -7.2223467043085606E+01,
    -7.2223461768513062E+01,
    -7.2225063147947935E+01,
