{
  "version":  "0.6.0",
  "energy":    -9.1912111918762162E+02,
  "energies": [
    -5.6994806188923686E-01,
    -5.6926924653721167E-01,
    -5.6925298207729014E-01,
    -5.7042813859763308E-01,
    -5.7106183584728165E-01,
    -5.7095026434246898E-01,
    -5.6823627354269446E-01,
    -5.6868827411014022E-01,
    -5.6842367925452608E-01,
    -5.6872781444940812E-01,
    -5.6945266358319024E-01,
    -5.6963666739660113E-01,
    -5.6977425251336555E-01,
    -5.6841309975053289E-01,
    -5.6834646806254685E-01,
    -5.6961254863961164E-01,
    -5.6811024237946017E-01,
    -5.6835311928057652E-01,
    -5.6897113867836835E-01,
    -5.6878236625773271E-01,
    -5.6913392906137117E-01,
    -5.6801994455112637E-01,
    -5.6816019553861941E-01,
    -5.6827986835054656E-01,
    -7.5455819503113617E+01,
    -7.5457997511274186E+01,
    -7.5454839666499979E+01,
    -7.5456040999769002E+01,
    -7.5457587612893363E+01,
    -7.5455917814599644E+01,
    -7.5455228131564851E+01,
    -7.5454965232452096E+01,
    -7.5452791215208165E+01,
    -7.5454667577819251E+01,
    -7.5454559697080938E+01,
    -7.5452671150654993E+01
  ]
}
