{
  "version":  "0.6.0",
  "energy":    -1.2249375156281005E+03,
  "energies": [
    -5.6792763632772880E-01,
    -5.6801865023858400E-01,
    -5.6513766355905026E-01,
    -5.6819929368218991E-01,
    -5.6950772366891056E-01,
    -5.6651064513451532E-01,
    -5.6728328758998614E-01,
    -5.7009810021625573E-01,
    -5.6728324656422435E-01,
    -5.6513764100291974E-01,
    -5.7131560873017651E-01,
    -5.6778726948347324E-01,
    -5.6801866800688805E-01,
    -5.7116016468713726E-01,
    -5.6997603658620000E-01,
    -5.6774723115775416E-01,
    -5.6957661610118937E-01,
    -5.6774723934163807E-01,
    -5.6792765409765067E-01,
    -5.7194963517038089E-01,
    -5.6997603371006189E-01,
    -5.7194960017009244E-01,
    -5.6778731621140621E-01,
    -5.6651069145180277E-01,
    -5.7116014627720224E-01,
    -5.6957661317358932E-01,
    -5.6950771264981948E-01,
    -5.7131564582117889E-01,
    -5.7009812518846192E-01,
    -5.6819925030595142E-01,
    -5.5603684903146855E-01,
    -5.5603687728945395E-01,
    -7.5424308471607077E+01,
    -7.5426144297566239E+01,
    -7.5423976996333181E+01,
    -7.5424247754589175E+01,
    -7.5426646789037349E+01,
    -7.5423012383928480E+01,
    -7.5421942860641195E+01,
    -7.5423301175704822E+01,
    -7.5424223641270387E+01,
    -7.5421321946869398E+01,
    -7.5421382276266073E+01,
    -7.5419015841912497E+01,
    -7.5420875324280132E+01,
    -7.5420245863756307E+01,
    -7.5419987195361898E+01,
    -7.5420417936348926E+01
  ]
}
