{
  "version":  "0.6.0",
  "energy":    -7.3414967179802297E+03,
  "energies": [
    -5.7290143344855982E-01,
    -5.7290188094710937E-01,
    -5.7290170745703095E-01,
    -5.7290382171071963E-01,
    -5.7290211979491090E-01,
    -5.7290835647993332E-01,
    -5.7290239380149266E-01,
    -5.7291029778307356E-01,
    -5.7282191249313019E-01,
    -5.7282449810165859E-01,
    -5.7280972396738628E-01,
    -5.7281779462283078E-01,
    -5.7282235082708755E-01,
    -5.7282445942896765E-01,
    -5.7281016232366011E-01,
    -5.7281775597769080E-01,
    -5.7280941735297608E-01,
    -5.7281545056107908E-01,
    -5.7280939180476065E-01,
    -5.7281493708968445E-01,
    -5.7281025966765753E-01,
    -5.7281799486623874E-01,
    -5.7281023412455245E-01,
    -5.7281748135759536E-01,
    -5.7278115228055537E-01,
    -5.7277990974035664E-01,
    -5.7277845539353323E-01,
    -5.7277796832143479E-01,
    -5.7278146575425370E-01,
    -5.7278046126387683E-01,
    -5.7277876889149437E-01,
    -5.7277851988699147E-01,
    -5.7122546704111832E-01,
    -5.7122462296933518E-01,
    -5.7122505751891728E-01,
    -5.7122472369994803E-01,
    -5.7121960381967585E-01,
    -5.7121926781481058E-01,
    -5.7121919426361134E-01,
    -5.7121936853901079E-01,
    -5.7277968592784545E-01,
    -5.7277838968572570E-01,
    -5.7278146326683255E-01,
    -5.7278039506170730E-01,
    -5.7277752564437678E-01,
    -5.7277677986821740E-01,
    -5.7277930249478382E-01,
    -5.7277878475635058E-01,
    -5.7272346454798728E-01,
    -5.7272650522199686E-01,
    -5.7272631910923644E-01,
    -5.7271953591477032E-01,
    -5.7272389375760502E-01,
    -5.7272642903709303E-01,
    -5.7272674834456672E-01,
    -5.7271945976893279E-01,
    -5.7311407572447137E-01,
    -5.7311469143131732E-01,
    -5.7311402657248023E-01,
    -5.7311619450377438E-01,
    -5.7311385995555519E-01,
    -5.7310286109832864E-01,
    -5.7311381080256363E-01,
    -5.7310436479045046E-01,
    -5.7273001516262700E-01,
    -5.7272098784510217E-01,
    -5.7272999270973901E-01,
    -5.7272044260023103E-01,
    -5.7273062406677877E-01,
    -5.7272315154163367E-01,
    -5.7273060162558731E-01,
    -5.7272260627833660E-01,
    -5.7242589043331615E-01,
    -5.7242580720138991E-01,
    -5.7242288983344525E-01,
    -5.7242262862024484E-01,
    -5.7242632983840624E-01,
    -5.7242627209235597E-01,
    -5.7242332927132844E-01,
    -5.7242309356488130E-01,
    -5.7164682062766514E-01,
    -5.7164679276934571E-01,
    -5.7164682152040491E-01,
    -5.7164699738234359E-01,
    -5.7165695857214827E-01,
    -5.7165669547365550E-01,
    -5.7165695946704753E-01,
    -5.7165690009039305E-01,
    -5.7242822343310706E-01,
    -5.7242810425738389E-01,
    -5.7243056232321210E-01,
    -5.7243046682233167E-01,
    -5.7242646929582675E-01,
    -5.7242656992473750E-01,
    -5.7242880766765181E-01,
    -5.7242893198448241E-01,
    -5.7267463732301938E-01,
    -5.7268163741776779E-01,
    -5.7266974434609930E-01,
    -5.7268178247958246E-01,
    -5.7267464285111225E-01,
    -5.7268192868324708E-01,
    -5.7266974981535479E-01,
    -5.7268207375435820E-01,
    -5.7267268866268517E-01,
    -5.7268016342143691E-01,
    -5.7268307141270325E-01,
    -5.7268007441957669E-01,
    -5.7267329032831471E-01,
    -5.7268048506899993E-01,
    -5.7268367314609570E-01,
    -5.7268039604081900E-01,
    -5.7290732353052043E-01,
    -5.7291356930321080E-01,
    -5.7291837383434063E-01,
    -5.7291304481595395E-01,
    -5.7290185484239331E-01,
    -5.7291370842974287E-01,
    -5.7291290539071782E-01,
    -5.7291318394591517E-01,
    -5.7266670033157208E-01,
    -5.7267313664207253E-01,
    -5.7266629211110032E-01,
    -5.7267301613781663E-01,
    -5.7267851621351418E-01,
    -5.7267366356705118E-01,
    -5.7267810816067888E-01,
    -5.7267354308060514E-01,
    -5.7267086415632062E-01,
    -5.7267802564215919E-01,
    -5.7267138837042098E-01,
    -5.7267834475103796E-01,
    -5.7266832318455596E-01,
    -5.7267879213206874E-01,
    -5.7266884737917156E-01,
    -5.7267911126005056E-01,
    -5.7258128171219225E-01,
    -5.7258131827464342E-01,
    -5.7256813894906189E-01,
    -5.7256814491013042E-01,
    -5.7258623289133170E-01,
    -5.7258621368127305E-01,
    -5.7257309032220283E-01,
    -5.7257304050076063E-01,
    -5.7254939837394614E-01,
    -5.7254933658352025E-01,
    -5.7255956247505846E-01,
    -5.7255958067430557E-01,
    -5.7254972980934971E-01,
    -5.7254963172474049E-01,
    -5.7255989368353477E-01,
    -5.7255987559323995E-01,
    -5.7252596916432408E-01,
    -5.7252596051106763E-01,
    -5.7252109984777588E-01,
    -5.7252096430022614E-01,
    -5.7252580766267447E-01,
    -5.7252567410770461E-01,
    -5.7252093838422258E-01,
    -5.7252067793925854E-01,
    -5.7253166445670090E-01,
    -5.7253162556058468E-01,
    -5.7253171871452602E-01,
    -5.7253164841687076E-01,
    -5.7252017441148617E-01,
    -5.7252013331694451E-01,
    -5.7252022869364083E-01,
    -5.7252015618717167E-01,
    -5.7254341553287780E-01,
    -5.7254359157958123E-01,
    -5.7254274760972179E-01,
    -5.7254281104126248E-01,
    -5.7254658720032536E-01,
    -5.7254653408891976E-01,
    -5.7254591929496490E-01,
    -5.7254575356887105E-01,
    -5.7257811797319191E-01,
    -5.7257819089334405E-01,
    -5.7258090000186201E-01,
    -5.7258072432442852E-01,
    -5.7256759971950244E-01,
    -5.7256782962962571E-01,
    -5.7257038173201924E-01,
    -5.7257036302778552E-01,
    -5.7290458864929117E-01,
    -5.7291103101246610E-01,
    -5.7290119710475051E-01,
    -5.7291079954755653E-01,
    -5.7291441347009830E-01,
    -5.7291094062746917E-01,
    -5.7291102210209355E-01,
    -5.7291070916560738E-01,
    -7.5332939056499768E+01,
    -7.5332923936296055E+01,
    -7.5332928142784041E+01,
    -7.5332909591060300E+01,
    -7.5332917453619729E+01,
    -7.5332910619836895E+01,
    -7.5332906539950542E+01,
    -7.5332896272092114E+01,
    -7.5332402304803026E+01,
    -7.5332382974671845E+01,
    -7.5332402382521295E+01,
    -7.5332389822219355E+01,
    -7.5332379596241410E+01,
    -7.5332361282657544E+01,
    -7.5332379673085597E+01,
    -7.5332368129522933E+01,
    -7.5331870264639491E+01,
    -7.5331861583154478E+01,
    -7.5331859355879885E+01,
    -7.5331851746500206E+01,
    -7.5331847458644106E+01,
    -7.5331835488356958E+01,
    -7.5331836549887740E+01,
    -7.5331825652198205E+01,
    -7.5331701363966246E+01,
    -7.5331687094034450E+01,
    -7.5331694189192618E+01,
    -7.5331680167356637E+01,
    -7.5331678620922943E+01,
    -7.5331664217404466E+01,
    -7.5331671445644957E+01,
    -7.5331657290231604E+01,
    -7.5331162782158501E+01,
    -7.5331148544606307E+01,
    -7.5331147869551984E+01,
    -7.5331133528083313E+01,
    -7.5331144506864774E+01,
    -7.5331130081308899E+01,
    -7.5331129596992483E+01,
    -7.5331115067501401E+01,
    -7.5327122650290036E+01,
    -7.5327090908824815E+01,
    -7.5327104923287521E+01,
    -7.5327079981216329E+01,
    -7.5327101347574583E+01,
    -7.5327068282647332E+01,
    -7.5327083620438515E+01,
    -7.5327057354989336E+01,
    -7.5326578517841696E+01,
    -7.5326547611257737E+01,
    -7.5326569198461556E+01,
    -7.5326536935212616E+01,
    -7.5326545604478184E+01,
    -7.5326524384688383E+01,
    -7.5326536285432127E+01,
    -7.5326513708669296E+01,
    -7.5327197322444746E+01,
    -7.5327182934129596E+01,
    -7.5327198442123262E+01,
    -7.5327184477534516E+01,
    -7.5327182436572400E+01,
    -7.5327167769787835E+01,
    -7.5327183555618390E+01,
    -7.5327169312598429E+01,
    -7.5326536573747788E+01,
    -7.5326522279033469E+01,
    -7.5326518564744603E+01,
    -7.5326504476397616E+01,
    -7.5326513324162079E+01,
    -7.5326499243735697E+01,
    -7.5326495315058921E+01,
    -7.5326481440970582E+01,
    -7.5325982092838018E+01,
    -7.5325967493036714E+01,
    -7.5325971420186960E+01,
    -7.5325957037416032E+01,
    -7.5325970102180960E+01,
    -7.5325955895562672E+01,
    -7.5325959429169927E+01,
    -7.5325945439626153E+01,
    -7.5326336817954584E+01,
