{
  "version":  "0.6.0",
  "energy":    -2.1438774239850436E+03,
  "energies": [
    -5.6950246003453353E-01,
    -5.6599902086123000E-01,
    -5.6951916353664567E-01,
    -5.6580544151835410E-01,
    -5.6678135004333530E-01,
    -5.6743124969618353E-01,
    -5.6857137455739404E-01,
    -5.7018398950685190E-01,
    -5.6685337365642974E-01,
    -5.6744239814713326E-01,
    -5.6900319544058009E-01,
    -5.6579021411898744E-01,
    -5.6821233036854757E-01,
    -5.6680462610158122E-01,
    -5.6950241032599869E-01,
    -5.6599888343197358E-01,
    -5.6951916926088142E-01,
    -5.6580536267801185E-01,
    -5.6678128859120869E-01,
    -5.6743121318948242E-01,
    -5.6857141215538576E-01,
    -5.7018394215245516E-01,
    -5.6685330868154293E-01,
    -5.6744235025008227E-01,
    -5.6900329256812221E-01,
    -5.6579019255911112E-01,
    -5.6821235360182265E-01,
    -5.6680468101878234E-01,
    -5.6950250931584445E-01,
    -5.6599897835965896E-01,
    -5.6951916713072548E-01,
    -5.6580514847668806E-01,
    -5.6678110026311002E-01,
    -5.6743124661009103E-01,
    -5.6857137492038601E-01,
    -5.7018419636242601E-01,
    -5.6685364891440282E-01,
    -5.6744244450328030E-01,
    -5.6900336591253453E-01,
    -5.6579013296033909E-01,
    -5.6821235581360729E-01,
    -5.6680473337864801E-01,
    -5.6950253860920108E-01,
    -5.6599900287702365E-01,
    -5.6951918506754240E-01,
    -5.6580524467047477E-01,
    -5.6678128871213329E-01,
    -5.6743128995521264E-01,
    -5.6857135110678603E-01,
    -5.7018418048515618E-01,
    -5.6685361752226038E-01,
    -5.6744240001530655E-01,
    -5.6900336156862141E-01,
    -5.6579016903487978E-01,
    -5.6821236086314619E-01,
    -5.6680476795325163E-01,
    -7.5437463199143210E+01,
    -7.5434812176312391E+01,
    -7.5437256787092508E+01,
    -7.5431448655795734E+01,
    -7.5435071154503575E+01,
    -7.5433643081289105E+01,
    -7.5431456952104597E+01,
    -7.5436187989747850E+01,
    -7.5433027746629051E+01,
    -7.5435340873903371E+01,
    -7.5427994467122815E+01,
    -7.5431714383078813E+01,
    -7.5431736576425237E+01,
    -7.5429545352829010E+01,
    -7.5434658830529585E+01,
    -7.5430578692615669E+01,
    -7.5433307845608866E+01,
    -7.5428448449268330E+01,
    -7.5432182569003558E+01,
    -7.5430011839169268E+01,
    -7.5428175882967054E+01,
    -7.5433383510637398E+01,
    -7.5428794162791931E+01,
    -7.5431391828120752E+01,
    -7.5424994339670633E+01,
    -7.5428825903586073E+01,
    -7.5428105263085072E+01,
    -7.5426264262596987E+01
  ]
}
