{
  "version":  "0.6.0",
  "energy":    -7.6432502146455420E+01,
  "energies": [
    -7.5305065206738533E+01,
    -5.6371846985844443E-01,
    -5.6371846985844565E-01
  ],
  "virial": [
    -1.0887043484402377E-01,
    -6.5657617586270098E-18,
    -1.6412515570205381E-15,
    -6.5657617586270098E-18,
     0.0000000000000000E+00,
     4.9525792968847552E-18,
    -1.7193141134394945E-15,
     4.9525792968847552E-18,
    -6.3405539661964314E-02
  ],
  "gradient": [
     2.0796217395716021E-15,
    -1.0394111647836603E-17,
     6.6535457468832146E-02,
    -3.7972318198950972E-02,
     6.1698419888487543E-19,
    -3.3267728734416621E-02,
     3.7972318198948800E-02,
     9.7771274489517290E-18,
    -3.3267728734415629E-02
  ]
}
