{
  "version":  "0.6.0",
  "energy":    -9.2112799805714417E+02,
  "energies": [
    -5.7407936747516564E-01,
    -5.7407936747519139E-01,
    -5.7407936747465982E-01,
    -5.7407936747516608E-01,
    -5.7407936747519162E-01,
    -5.7407936747465904E-01,
    -5.7407937377964668E-01,
    -5.7407937377932272E-01,
    -5.7407937377995932E-01,
    -5.7407937377964702E-01,
    -5.7407937377932172E-01,
    -5.7407937377995799E-01,
    -5.7407889939479617E-01,
    -5.7407889939480328E-01,
    -5.7407889939468715E-01,
    -5.7407889939479573E-01,
    -5.7407889939480350E-01,
    -5.7407889939468770E-01,
    -5.7407892825497187E-01,
    -5.7407892825512941E-01,
    -5.7407892825491691E-01,
    -5.7407892825497142E-01,
    -5.7407892825512852E-01,
    -5.7407892825491746E-01,
    -7.5615088700572372E+01,
    -7.5614609996551565E+01,
    -7.5614131292531198E+01,
    -7.5614385566195011E+01,
    -7.5613906862174190E+01,
    -7.5613428158153837E+01,
    -7.5611588280880071E+01,
    -7.5611109577772879E+01,
    -7.5610630874665645E+01,
    -7.5610885147847554E+01,
    -7.5610406444740363E+01,
    -7.5609927741633129E+01
  ]
}
