{
  "version":  "0.5.0",
  "energy":    -9.1900394299869527E+02,
  "energies": [
    -5.6917551733729466E-01,
    -5.6918488416261370E-01,
    -5.6777753786090668E-01,
    -5.6781234540993664E-01,
    -5.6981102241502402E-01,
    -5.6768163080501877E-01,
    -5.6919086489790849E-01,
    -5.6981717625290440E-01,
    -5.6917833606341317E-01,
    -5.6780458970484626E-01,
    -5.6767474151468200E-01,
    -5.6917807467300474E-01,
    -5.6981571983279078E-01,
    -5.6981749297420503E-01,
    -5.6918890964934599E-01,
    -5.6781134993138616E-01,
    -5.6767658025071877E-01,
    -5.6777843425720698E-01,
    -5.6777682973907251E-01,
    -5.6781345304322084E-01,
    -5.6767523056157521E-01,
    -5.6917945754841193E-01,
    -5.6777296062478810E-01,
    -5.6918494617460769E-01,
    -7.5451539610465971E+01,
    -7.5450986190391390E+01,
    -7.5451634155369163E+01,
    -7.5447908472966873E+01,
    -7.5447693659388960E+01,
    -7.5445353107114940E+01,
    -7.5448288821917188E+01,
    -7.5445937870315689E+01,
    -7.5443092927220547E+01,
    -7.5444301510979130E+01,
    -7.5440987602318899E+01,
    -7.5440440984561775E+01
  ]
}
