{
  "version":  "0.6.0",
  "energy":    -9.1912111918762162E+02,
  "energies": [
    -5.6994806188923675E-01,
    -5.6926924653721245E-01,
    -5.6925298207729103E-01,
    -5.7042813859763408E-01,
    -5.7106183584728121E-01,
    -5.7095026434246987E-01,
    -5.6823627354269501E-01,
    -5.6868827411014000E-01,
    -5.6842367925452597E-01,
    -5.6872781444941023E-01,
    -5.6945266358318991E-01,
    -5.6963666739660190E-01,
    -5.6977425251336400E-01,
    -5.6841309975053222E-01,
    -5.6834646806254718E-01,
    -5.6961254863961297E-01,
    -5.6811024237945917E-01,
    -5.6835311928057652E-01,
    -5.6897113867836868E-01,
    -5.6878236625773304E-01,
    -5.6913392906137061E-01,
    -5.6801994455112614E-01,
    -5.6816019553861974E-01,
    -5.6827986835054622E-01,
    -7.5455819503113617E+01,
    -7.5457997511274186E+01,
    -7.5454839666499979E+01,
    -7.5456040999769002E+01,
    -7.5457587612893363E+01,
    -7.5455917814599644E+01,
    -7.5455228131564851E+01,
    -7.5454965232452096E+01,
    -7.5452791215208165E+01,
    -7.5454667577819251E+01,
    -7.5454559697080938E+01,
    -7.5452671150654993E+01
  ]
}
