n1	n2	n3	nk	rows	dense_s	separable_dft_s	speedup	max_error
216	1	1	216	64	0.001300	0.001800	0.722	4.3310e-12
18	12	1	216	64	0.001200	0.000300	4.000	4.2963e-13
6	6	6	216	64	0.001150	0.000200	5.750	1.4579e-13
512	1	1	512	64	0.006400	0.009300	0.688	1.3911e-11
32	16	1	512	64	0.006600	0.001150	5.739	1.0248e-12
8	8	8	512	64	0.006550	0.000650	10.077	3.9351e-13
