{
  "version":  "0.6.0",
  "energy":    -9.1887986329565672E+02,
  "energies": [
    -5.7148114208303524E-01,
    -5.7137536373249465E-01,
    -5.7137582489038485E-01,
    -5.7135636801844059E-01,
    -5.6982808002922680E-01,
    -5.7135721787781990E-01,
    -5.7251941524782846E-01,
    -5.7288538700860825E-01,
    -5.7252275048608781E-01,
    -5.7219119253392248E-01,
    -5.7136076741361952E-01,
    -5.7219588211137917E-01,
    -5.7267250346801857E-01,
    -5.7266505367332965E-01,
    -5.7301781720459632E-01,
    -5.7265815910272266E-01,
    -5.7266889921368469E-01,
    -5.7253171994280438E-01,
    -5.7251303876645065E-01,
    -5.7246474549901383E-01,
    -5.7245854695872755E-01,
    -5.7250896255461603E-01,
    -5.7252909155316489E-01,
    -5.7301538829878962E-01,
    -7.5432780536200255E+01,
    -7.5432554830151119E+01,
    -7.5432367844290710E+01,
    -7.5432326603907853E+01,
    -7.5432139875551599E+01,
    -7.5425899509208534E+01,
    -7.5425713578344471E+01,
    -7.5426790317810116E+01,
    -7.5426470937648986E+01,
    -7.5426284493628657E+01,
    -7.5428326277293252E+01,
    -7.5426055173952236E+01
  ]
}
