{
  "version":  "0.6.0",
  "energy":    -7.1113393465671616E+03,
  "energies": [
    -3.2820385448610706E-01,
    -3.2820433944055621E-01,
    -3.2820412033291280E-01,
    -3.2820381184247466E-01,
    -3.2820374988264284E-01,
    -3.2820726680326856E-01,
    -3.2820401572272945E-01,
    -3.2820673991470306E-01,
    -3.2813587840072367E-01,
    -3.2813603384170470E-01,
    -3.2812839085205636E-01,
    -3.2813129188757190E-01,
    -3.2813641617813838E-01,
    -3.2813607314777427E-01,
    -3.2812892864245163E-01,
    -3.2813133119928434E-01,
    -3.2812648057285748E-01,
    -3.2812980260085683E-01,
    -3.2812640628858186E-01,
    -3.2812922363406771E-01,
    -3.2812753719059418E-01,
    -3.2813010831153794E-01,
    -3.2812746291067529E-01,
    -3.2812952932153944E-01,
    -3.2806496401633117E-01,
    -3.2806438303232444E-01,
    -3.2806542186742055E-01,
    -3.2806477432917053E-01,
    -3.2806526656357893E-01,
    -3.2806497888271491E-01,
    -3.2806572442024812E-01,
    -3.2806537021978116E-01,
    -3.2798867106385166E-01,
    -3.2798844191549725E-01,
    -3.2798793771040430E-01,
    -3.2798839347147890E-01,
    -3.2798628628081655E-01,
    -3.2798576296256921E-01,
    -3.2798555289337644E-01,
    -3.2798571451101305E-01,
    -3.2806441556900462E-01,
    -3.2806369670880597E-01,
    -3.2806374447659414E-01,
    -3.2806331453010273E-01,
    -3.2806454590028589E-01,
    -3.2806457622844837E-01,
    -3.2806387406301130E-01,
    -3.2806419330891745E-01,
    -3.2823284134297148E-01,
    -3.2823351065183848E-01,
    -3.2823549363598403E-01,
    -3.2822857901114699E-01,
    -3.2823333203451421E-01,
    -3.2823335873950382E-01,
    -3.2823598434616097E-01,
    -3.2822842712591094E-01,
    -3.2809624654193081E-01,
    -3.2809708801608217E-01,
    -3.2809619554191544E-01,
    -3.2809581226928208E-01,
    -3.2809614021599337E-01,
    -3.2808823879475446E-01,
    -3.2809608921002648E-01,
    -3.2808696411669569E-01,
    -3.2823700739870154E-01,
    -3.2823050244483548E-01,
    -3.2823692669644799E-01,
    -3.2822976780368096E-01,
    -3.2823776307515867E-01,
    -3.2823005111305736E-01,
    -3.2823768238399015E-01,
    -3.2822931646735098E-01,
    -3.2808738456034980E-01,
    -3.2808723511056703E-01,
    -3.2808764226276727E-01,
    -3.2808737638478469E-01,
    -3.2808795504426780E-01,
    -3.2808786750097291E-01,
    -3.2808821278238604E-01,
    -3.2808800882879385E-01,
    -3.2771169134006506E-01,
    -3.2771163742810283E-01,
    -3.2771159075360978E-01,
    -3.2771169592263605E-01,
    -3.2771949550884188E-01,
    -3.2771925908070437E-01,
    -3.2771939489667551E-01,
    -3.2771931755465639E-01,
    -3.2808857859811968E-01,
    -3.2808841380210069E-01,
    -3.2808829962931590E-01,
    -3.2808819082781399E-01,
    -3.2808954636988802E-01,
    -3.2808955760261954E-01,
    -3.2808926665133153E-01,
    -3.2808933388830069E-01,
    -3.2814337985809977E-01,
    -3.2814821406731243E-01,
    -3.2814101732163786E-01,
    -3.2814822494455903E-01,
    -3.2814285069604809E-01,
    -3.2814866698838263E-01,
    -3.2814048807546531E-01,
    -3.2814867787747576E-01,
    -3.2815640392879747E-01,
    -3.2816188453349404E-01,
    -3.2816472051042778E-01,
    -3.2816180210802015E-01,
    -3.2815637015459270E-01,
    -3.2816218555845417E-01,
    -3.2816468688331962E-01,
    -3.2816210310791927E-01,
    -3.2569311343140195E-01,
    -3.2569866884308601E-01,
    -3.2569944320121585E-01,
    -3.2569807340707768E-01,
    -3.2569096403407644E-01,
    -3.2569877289856713E-01,
    -3.2569729428770872E-01,
    -3.2569817747061808E-01,
    -3.2815523660913259E-01,
    -3.2815965632473765E-01,
    -3.2815416384205898E-01,
    -3.2815958456925215E-01,
    -3.2816243929742678E-01,
    -3.2816020667699719E-01,
    -3.2816136679043056E-01,
    -3.2816013493937979E-01,
    -3.2814077351308485E-01,
    -3.2814587420321079E-01,
    -3.2814079839066462E-01,
    -3.2814629728337463E-01,
    -3.2813830847999509E-01,
    -3.2814658565304572E-01,
    -3.2813833333031678E-01,
    -3.2814700874785913E-01,
    -3.2804302488169496E-01,
    -3.2804296866691973E-01,
    -3.2803460377589838E-01,
    -3.2803454333591525E-01,
    -3.2804532819816151E-01,
    -3.2804533579990480E-01,
    -3.2803690747792907E-01,
    -3.2803691083372011E-01,
    -3.2801598904409396E-01,
    -3.2801597692950640E-01,
    -3.2802409094692869E-01,
    -3.2802404652362449E-01,
    -3.2801695757529542E-01,
    -3.2801694302634660E-01,
    -3.2802505911260726E-01,
    -3.2802501226184572E-01,
    -3.2792519127537689E-01,
    -3.2792521321887869E-01,
    -3.2792291416522662E-01,
    -3.2792282370078502E-01,
    -3.2792565586334044E-01,
    -3.2792555682281838E-01,
    -3.2792337874289096E-01,
    -3.2792316729767018E-01,
    -3.2793026066377062E-01,
    -3.2793022553845186E-01,
    -3.2793017427592652E-01,
    -3.2793013921317993E-01,
    -3.2792337989445508E-01,
    -3.2792337590714016E-01,
    -3.2792329352266131E-01,
    -3.2792328958794159E-01,
    -3.2801164441028935E-01,
    -3.2801176995955661E-01,
    -3.2801186776015834E-01,
    -3.2801189375553402E-01,
    -3.2801469522943866E-01,
    -3.2801468517599591E-01,
    -3.2801491860308829E-01,
    -3.2801480899911534E-01,
    -3.2804322201553177E-01,
    -3.2804324171049182E-01,
    -3.2804496669805144E-01,
    -3.2804482988577177E-01,
    -3.2803483066953099E-01,
    -3.2803499045352330E-01,
    -3.2803657519761031E-01,
    -3.2803657845434875E-01,
    -3.2569246197003271E-01,
    -3.2569822839968027E-01,
    -3.2568913213980333E-01,
    -3.2569800752122713E-01,
    -3.2570083904014424E-01,
    -3.2569795999374274E-01,
    -3.2569750931922914E-01,
    -3.2569773911770383E-01,
    -7.3424684648378260E+01,
    -7.3424670000947359E+01,
    -7.3424673939351649E+01,
    -7.3424661768025231E+01,
    -7.3424664300727429E+01,
    -7.3424659899717014E+01,
    -7.3424653591760205E+01,
    -7.3424651663912670E+01,
    -7.3424332094349495E+01,
    -7.3424318953439595E+01,
    -7.3424329876228256E+01,
    -7.3424325779823505E+01,
    -7.3424309797426616E+01,
    -7.3424297355436892E+01,
    -7.3424307578391563E+01,
    -7.3424304181090150E+01,
    -7.3423811659452312E+01,
    -7.3423805752229541E+01,
    -7.3423801159321030E+01,
    -7.3423796086940357E+01,
    -7.3423788945452557E+01,
    -7.3423785678274385E+01,
    -7.3423778445322810E+01,
    -7.3423776013565757E+01,
    -7.3423822882120206E+01,
    -7.3423808537362504E+01,
    -7.3423809551680151E+01,
    -7.3423796186968829E+01,
    -7.3423800979175866E+01,
    -7.3423786412583510E+01,
    -7.3423787648090538E+01,
    -7.3423774061540016E+01,
    -7.3423292171185608E+01,
    -7.3423277900455460E+01,
    -7.3423283168328496E+01,
    -7.3423268702188295E+01,
    -7.3423268863091266E+01,
    -7.3423254168596159E+01,
    -7.3423259863132770E+01,
    -7.3423244973202131E+01,
    -7.3419568298059559E+01,
    -7.3419535884344668E+01,
    -7.3419547214578841E+01,
    -7.3419524899147788E+01,
    -7.3419548869681208E+01,
    -7.3419513710830628E+01,
    -7.3419527786037179E+01,
    -7.3419502725574048E+01,
    -7.3419038920037565E+01,
    -7.3419007891725670E+01,
    -7.3419031616632140E+01,
    -7.3418997792967829E+01,
    -7.3419009299022775E+01,
    -7.3418984686231653E+01,
    -7.3419001995936895E+01,
    -7.3418974587472704E+01,
    -7.3419719269338998E+01,
    -7.3419705369197075E+01,
    -7.3419719068400894E+01,
    -7.3419706022105061E+01,
    -7.3419708178908465E+01,
    -7.3419694371604820E+01,
    -7.3419707977004904E+01,
    -7.3419695023628705E+01,
    -7.3419237225726505E+01,
    -7.3419224210211681E+01,
    -7.3419216368511357E+01,
    -7.3419203176968296E+01,
    -7.3419213129015390E+01,
    -7.3419200329418032E+01,
    -7.3419192271697924E+01,
    -7.3419179296042870E+01,
    -7.3418699848918706E+01,
    -7.3418686118548621E+01,
    -7.3418689190359075E+01,
    -7.3418675670425870E+01,
    -7.3418685232083121E+01,
    -7.3418672314577762E+01,
    -7.3418674573090030E+01,
    -7.3418661866060219E+01,
    -7.3419737872030154E+01,
