{
  "version":  "0.6.0",
  "energy":    -7.6432502146455434E+01,
  "energies": [
    -7.5305065206738547E+01,
    -5.6371846985844543E-01,
    -5.6371846985844498E-01
  ],
  "virial": [
    -1.0887043484402362E-01,
    -2.3796746769559751E-17,
     9.9031067628078824E-17,
    -2.3796746769559751E-17,
     0.0000000000000000E+00,
    -2.0053040309968491E-17,
     9.7296344152102017E-17,
    -2.0053040309968491E-17,
    -6.3405539661964064E-02
  ],
  "gradient": [
    -2.8215006286219646E-16,
     4.2085856150044357E-17,
     6.6535457468831688E-02,
    -3.7972318198949799E-02,
    -3.7642800055475856E-17,
    -3.3267728734415823E-02,
     3.7972318198950007E-02,
    -4.4430560945685049E-18,
    -3.3267728734415809E-02
  ]
}
