{
  "version":  "0.6.0",
  "energy":    -7.6432498874894122E+01,
  "energies": [
    -7.5305058632556523E+01,
    -5.6372012116880343E-01,
    -5.6372012116880366E-01
  ],
  "virial": [
    -1.0889763478601483E-01,
    -2.3216324270534602E-17,
    -1.5074435246176851E-15,
    -2.3216324618297692E-17,
    -7.2980674129006710E-08,
    -1.9512029577657581E-17,
    -1.5230560359014764E-15,
    -1.9512029576848817E-17,
    -6.3410582837213805E-02
  ],
  "gradient": [
     1.7929857902207469E-15,
     4.0950433361499656E-17,
     6.6541348061976688E-02,
    -3.7981779566942563E-02,
    -3.6678299641869281E-17,
    -3.3270674030988864E-02,
     3.7981779566940752E-02,
    -4.2721337196303742E-18,
    -3.3270674030987810E-02
  ]
}
