{
  "version":  "0.6.0",
  "energy":    -7.3406608624043820E+03,
  "energies": [
    -5.7338301282573445E-01,
    -5.7338345709161553E-01,
    -5.7338328634284175E-01,
    -5.7338540435557517E-01,
    -5.7338370027596453E-01,
    -5.7338991628713099E-01,
    -5.7338397379112860E-01,
    -5.7339186408934240E-01,
    -5.7330446011423086E-01,
    -5.7330704592430881E-01,
    -5.7329230916023588E-01,
    -5.7330036479789714E-01,
    -5.7330489439639720E-01,
    -5.7330700677952573E-01,
    -5.7329274346466275E-01,
    -5.7330032568040235E-01,
    -5.7329197793686137E-01,
    -5.7329799155223682E-01,
    -5.7329195227952534E-01,
    -5.7329748186529994E-01,
    -5.7329281457292036E-01,
    -5.7330053727255614E-01,
    -5.7329278892075397E-01,
    -5.7330002754890297E-01,
    -5.7326373635225814E-01,
    -5.7326249752463598E-01,
    -5.7326103442757170E-01,
    -5.7326055115484797E-01,
    -5.7326404760838123E-01,
    -5.7326304462577615E-01,
    -5.7326134570762255E-01,
    -5.7326109829775285E-01,
    -5.7171082470879908E-01,
    -5.7170998300866394E-01,
    -5.7171041896955344E-01,
    -5.7171008382447042E-01,
    -5.7170497531164099E-01,
    -5.7170464208184435E-01,
    -5.7170456953837601E-01,
    -5.7170474289123530E-01,
    -5.7326223992911052E-01,
    -5.7326094788850290E-01,
    -5.7326402326829140E-01,
    -5.7326295714170672E-01,
    -5.7326007560315617E-01,
    -5.7325933023450359E-01,
    -5.7326185845446898E-01,
    -5.7326133900055409E-01,
    -5.7321333437481548E-01,
    -5.7321637240874346E-01,
    -5.7321617389786339E-01,
    -5.7320942802878549E-01,
    -5.7321375958568388E-01,
    -5.7321629634626869E-01,
    -5.7321659913455070E-01,
    -5.7320935200514966E-01,
    -5.7360317775628344E-01,
    -5.7360378864269179E-01,
    -5.7360312968486016E-01,
    -5.7360530105796292E-01,
    -5.7360296412056666E-01,
    -5.7359200491826590E-01,
    -5.7360291604808644E-01,
    -5.7359351795500180E-01,
    -5.7321989291112374E-01,
    -5.7321089898212529E-01,
    -5.7321987049317702E-01,
    -5.7321035812282561E-01,
    -5.7322049683569809E-01,
    -5.7321306600513244E-01,
    -5.7322047442949386E-01,
    -5.7321252512792054E-01,
    -5.7291848715112959E-01,
    -5.7291840443578124E-01,
    -5.7291548235942069E-01,
    -5.7291522357093294E-01,
    -5.7291892333481331E-01,
    -5.7291886517238222E-01,
    -5.7291591857566260E-01,
    -5.7291568436097695E-01,
    -5.7214416157886738E-01,
    -5.7214413337003545E-01,
    -5.7214416428568204E-01,
    -5.7214433857051039E-01,
    -5.7215425657269381E-01,
    -5.7215399524810606E-01,
    -5.7215425928141850E-01,
    -5.7215420045221221E-01,
    -5.7292083455002074E-01,
    -5.7292071603834460E-01,
    -5.7292317689419736E-01,
    -5.7292308114651191E-01,
    -5.7291907345898063E-01,
    -5.7291917343608290E-01,
    -5.7292141528574203E-01,
    -5.7292153803989054E-01,
    -5.7315824008238969E-01,
    -5.7316521681423072E-01,
    -5.7315335881176233E-01,
    -5.7316536102742732E-01,
    -5.7315825052652469E-01,
    -5.7316550514759412E-01,
    -5.7315336919691795E-01,
    -5.7316564937005243E-01,
    -5.7315635425071021E-01,
    -5.7316380241188714E-01,
    -5.7316669362120831E-01,
    -5.7316371392772769E-01,
    -5.7315695701077463E-01,
    -5.7316412128406991E-01,
    -5.7316729644889730E-01,
    -5.7316403277359107E-01,
    -5.7336843463306120E-01,
    -5.7337465554781164E-01,
    -5.7337945736619678E-01,
    -5.7337413460640219E-01,
    -5.7336297744158138E-01,
    -5.7337479359582821E-01,
    -5.7337400042075870E-01,
    -5.7337427265779917E-01,
    -5.7315036315103818E-01,
    -5.7315677954083766E-01,
    -5.7314996346812297E-01,
    -5.7315665968764207E-01,
    -5.7316214338497307E-01,
    -5.7315730272440002E-01,
    -5.7316174386933094E-01,
    -5.7315718288907325E-01,
    -5.7315448612402742E-01,
    -5.7316162325100517E-01,
    -5.7315501288711768E-01,
    -5.7316194048210400E-01,
    -5.7315195828248411E-01,
    -5.7316238416502507E-01,
    -5.7315248502606886E-01,
    -5.7316270141528913E-01,
    -5.7306543638348273E-01,
    -5.7306547319182966E-01,
    -5.7305233870136862E-01,
    -5.7305234455981369E-01,
    -5.7307037571110941E-01,
    -5.7307035690042618E-01,
    -5.7305727822473029E-01,
    -5.7305722845384344E-01,
    -5.7303360216078914E-01,
    -5.7303354071882562E-01,
    -5.7304372391719882E-01,
    -5.7304374209708686E-01,
    -5.7303392565283739E-01,
    -5.7303382793843927E-01,
    -5.7304404718262258E-01,
    -5.7304402909473195E-01,
    -5.7301074582353506E-01,
    -5.7301073718543882E-01,
    -5.7300588751819914E-01,
    -5.7300575290914590E-01,
    -5.7301057978456116E-01,
    -5.7301044680730751E-01,
    -5.7300572151716267E-01,
    -5.7300546257322760E-01,
    -5.7301640471830873E-01,
    -5.7301636633472386E-01,
    -5.7301645801465229E-01,
    -5.7301638826847745E-01,
    -5.7300494813457969E-01,
    -5.7300490705325002E-01,
    -5.7300500145537792E-01,
    -5.7300492900110200E-01,
    -5.7302764721452337E-01,
    -5.7302782254790163E-01,
    -5.7302697938803138E-01,
    -5.7302704262669002E-01,
    -5.7303080138850881E-01,
    -5.7303074844689028E-01,
    -5.7303013357993571E-01,
    -5.7302996854409505E-01,
    -5.7306225261727095E-01,
    -5.7306232549149483E-01,
    -5.7306502567394102E-01,
    -5.7306485092824933E-01,
    -5.7305177884126113E-01,
    -5.7305200753947960E-01,
    -5.7305455188167198E-01,
    -5.7305453294313802E-01,
    -5.7336568269550936E-01,
    -5.7337209863603622E-01,
    -5.7336231140363303E-01,
    -5.7337186907014914E-01,
    -5.7337546648619464E-01,
    -5.7337200919349673E-01,
    -5.7337209536934486E-01,
    -5.7337177963064934E-01,
    -7.5323228484429805E+01,
    -7.5323213475094761E+01,
    -7.5323217645232447E+01,
    -7.5323199255322947E+01,
    -7.5323207038565641E+01,
    -7.5323200351892737E+01,
    -7.5323196199415037E+01,
    -7.5323186129615920E+01,
    -7.5322701275786869E+01,
    -7.5322682113970799E+01,
    -7.5322701414918001E+01,
    -7.5322689061171801E+01,
    -7.5322678727970128E+01,
    -7.5322660569864780E+01,
    -7.5322678866228514E+01,
    -7.5322667516387867E+01,
    -7.5322173042698964E+01,
    -7.5322164513068472E+01,
    -7.5322162210638126E+01,
    -7.5322154740638240E+01,
    -7.5322150396831489E+01,
    -7.5322138629583648E+01,
    -7.5322139564773877E+01,
    -7.5322128857649503E+01,
    -7.5322002095423159E+01,
    -7.5321987918389482E+01,
    -7.5321994934668851E+01,
    -7.5321981010734206E+01,
    -7.5321979516153377E+01,
    -7.5321965207512392E+01,
    -7.5321972354893688E+01,
    -7.5321958299360773E+01,
    -7.5321467283080011E+01,
    -7.5321453138119864E+01,
    -7.5321452502235701E+01,
    -7.5321438255072678E+01,
    -7.5321449109787309E+01,
    -7.5321434777936631E+01,
    -7.5321434331674951E+01,
    -7.5321419897602638E+01,
    -7.5317456556649233E+01,
    -7.5317424876189406E+01,
    -7.5317438857141767E+01,
    -7.5317414020935530E+01,
    -7.5317435418015208E+01,
    -7.5317402410634614E+01,
    -7.5317417718370521E+01,
    -7.5317391555331298E+01,
    -7.5316916279805127E+01,
    -7.5316885434003964E+01,
    -7.5316907043340976E+01,
    -7.5316874837662382E+01,
    -7.5316883537398169E+01,
    -7.5316862366642695E+01,
    -7.5316874301265841E+01,
    -7.5316851770326352E+01,
    -7.5317531801871766E+01,
    -7.5317517513865837E+01,
    -7.5317532981398656E+01,
    -7.5317519119628614E+01,
    -7.5317517112549098E+01,
    -7.5317502552977714E+01,
    -7.5317518291446987E+01,
    -7.5317504158150712E+01,
    -7.5316876003354892E+01,
    -7.5316861818511200E+01,
    -7.5316858028331168E+01,
    -7.5316844043504020E+01,
    -7.5316852904436999E+01,
    -7.5316838932877147E+01,
    -7.5316834929311142E+01,
    -7.5316821157738389E+01,
    -7.5316325392010782E+01,
    -7.5316310898995710E+01,
    -7.5316314792854428E+01,
    -7.5316300515751934E+01,
    -7.5316313541982936E+01,
    -7.5316299444847289E+01,
    -7.5316302942467331E+01,
    -7.5316289061288259E+01,
    -7.5316684859620636E+01,
