{
  "version":  "0.6.0",
  "energy":    -1.2386840304961403E+04,
  "energies": [
    -5.7374641909259627E-01,
    -5.7374641909259705E-01,
    -5.7374641909259627E-01,
    -5.7374641908873170E-01,
    -5.7374641908873336E-01,
    -5.7374641908873192E-01,
    -5.7374641909327140E-01,
    -5.7374641909327406E-01,
    -5.7374641909327218E-01,
    -5.7374641909328583E-01,
    -5.7374641909328461E-01,
    -5.7374641909328572E-01,
    -5.7374641909258695E-01,
    -5.7374641909258828E-01,
    -5.7374641909258806E-01,
    -5.7374641908873192E-01,
    -5.7374641908873147E-01,
    -5.7374641908873292E-01,
    -5.7374641908871915E-01,
    -5.7374641908871937E-01,
    -5.7374641908871982E-01,
    -5.7374641909324953E-01,
    -5.7374641909325141E-01,
    -5.7374641909324930E-01,
    -5.7374641909256086E-01,
    -5.7374641909256208E-01,
    -5.7374641909255952E-01,
    -5.7375537818553857E-01,
    -5.7375537818553957E-01,
    -5.7375537818553757E-01,
    -5.7375537818168598E-01,
    -5.7375537818168476E-01,
    -5.7375537818168632E-01,
    -5.7375537818621858E-01,
    -5.7375537818621836E-01,
    -5.7375537818621858E-01,
    -5.7375537818627531E-01,
    -5.7375537818627786E-01,
    -5.7375537818627742E-01,
    -5.7375537818557509E-01,
    -5.7375537818557487E-01,
    -5.7375537818557421E-01,
    -5.7375537818169775E-01,
    -5.7375537818169675E-01,
    -5.7375537818169720E-01,
    -5.7375537818172251E-01,
    -5.7375537818172218E-01,
    -5.7375537818172340E-01,
    -5.7375537818627720E-01,
    -5.7375537818627809E-01,
    -5.7375537818627842E-01,
    -5.7375537818555367E-01,
    -5.7375537818555267E-01,
    -5.7375537818555267E-01,
    -5.7374760871807495E-01,
    -5.7374760871807662E-01,
    -5.7374760871807473E-01,
    -5.7374760871424224E-01,
    -5.7374760871424368E-01,
    -5.7374760871424313E-01,
    -5.7374760871880104E-01,
    -5.7374760871880037E-01,
    -5.7374760871879893E-01,
    -5.7374760871874952E-01,
    -5.7374760871875130E-01,
    -5.7374760871874819E-01,
    -5.7374760871810249E-01,
    -5.7374760871810093E-01,
    -5.7374760871810149E-01,
    -5.7374760871422903E-01,
    -5.7374760871423014E-01,
    -5.7374760871422825E-01,
    -5.7374760871419472E-01,
    -5.7374760871419306E-01,
    -5.7374760871419384E-01,
    -5.7374760871878849E-01,
    -5.7374760871879005E-01,
    -5.7374760871879005E-01,
    -5.7374760871810238E-01,
    -5.7374760871810182E-01,
    -5.7374760871810226E-01,
    -5.7292123360142422E-01,
    -5.7292123360142622E-01,
    -5.7292123360142577E-01,
    -5.7292123359809377E-01,
    -5.7292123359809377E-01,
    -5.7292123359809044E-01,
    -5.7292123360189229E-01,
    -5.7292123360189551E-01,
    -5.7292123360189273E-01,
    -5.7292123360187852E-01,
    -5.7292123360187852E-01,
    -5.7292123360187797E-01,
    -5.7292123360144320E-01,
    -5.7292123360144465E-01,
    -5.7292123360144498E-01,
    -5.7292123359809422E-01,
    -5.7292123359809510E-01,
    -5.7292123359809577E-01,
    -5.7292123359809588E-01,
    -5.7292123359809743E-01,
    -5.7292123359809555E-01,
    -5.7292123360191272E-01,
    -5.7292123360191505E-01,
    -5.7292123360191594E-01,
    -5.7292123360146374E-01,
    -5.7292123360146507E-01,
    -5.7292123360146396E-01,
    -5.7291146491195444E-01,
    -5.7291146491195466E-01,
    -5.7291146491195544E-01,
    -5.7291146490860589E-01,
    -5.7291146490860734E-01,
    -5.7291146490860667E-01,
    -5.7291146491244638E-01,
    -5.7291146491244604E-01,
    -5.7291146491244704E-01,
    -5.7291146491239042E-01,
    -5.7291146491239087E-01,
    -5.7291146491238953E-01,
    -5.7291146491191802E-01,
    -5.7291146491191869E-01,
    -5.7291146491191736E-01,
    -5.7291146490858791E-01,
    -5.7291146490858891E-01,
    -5.7291146490858968E-01,
    -5.7291146490857148E-01,
    -5.7291146490857359E-01,
    -5.7291146490857248E-01,
    -5.7291146491239420E-01,
    -5.7291146491239509E-01,
    -5.7291146491239409E-01,
    -5.7291146491193901E-01,
    -5.7291146491193745E-01,
    -5.7291146491193823E-01,
    -5.7291363011291541E-01,
    -5.7291363011291629E-01,
    -5.7291363011291674E-01,
    -5.7291363010952112E-01,
    -5.7291363010952023E-01,
    -5.7291363010952079E-01,
    -5.7291363011333829E-01,
    -5.7291363011334107E-01,
    -5.7291363011333929E-01,
    -5.7291363011338903E-01,
    -5.7291363011339003E-01,
    -5.7291363011338903E-01,
    -5.7291363011289897E-01,
    -5.7291363011289798E-01,
    -5.7291363011289786E-01,
    -5.7291363010953189E-01,
    -5.7291363010953600E-01,
    -5.7291363010953322E-01,
    -5.7291363010957019E-01,
    -5.7291363010957130E-01,
    -5.7291363010956997E-01,
    -5.7291363011335572E-01,
    -5.7291363011335639E-01,
    -5.7291363011335539E-01,
    -5.7291363011290075E-01,
    -5.7291363011290175E-01,
    -5.7291363011290097E-01,
    -5.7286567936128241E-01,
    -5.7286567936128197E-01,
    -5.7286567936128097E-01,
    -5.7286567935606136E-01,
    -5.7286567935606147E-01,
    -5.7286567935606125E-01,
    -5.7286567935711608E-01,
    -5.7286567935711763E-01,
    -5.7286567935711585E-01,
    -5.7286567935711852E-01,
    -5.7286567935711663E-01,
    -5.7286567935711763E-01,
    -5.7286567936127630E-01,
    -5.7286567936127786E-01,
    -5.7286567936127819E-01,
    -5.7286567935606403E-01,
    -5.7286567935606536E-01,
    -5.7286567935606569E-01,
    -5.7286567935606381E-01,
    -5.7286567935606536E-01,
    -5.7286567935606625E-01,
    -5.7286567935711286E-01,
    -5.7286567935711530E-01,
    -5.7286567935711497E-01,
    -5.7286567936128185E-01,
    -5.7286567936128518E-01,
    -5.7286567936128208E-01,
    -5.7287577787533039E-01,
    -5.7287577787533206E-01,
    -5.7287577787533162E-01,
    -5.7287577787950661E-01,
    -5.7287577787950950E-01,
    -5.7287577787950805E-01,
    -5.7287577787426003E-01,
    -5.7287577787426014E-01,
    -5.7287577787425970E-01,
    -5.7287577787425870E-01,
    -5.7287577787425770E-01,
    -5.7287577787425992E-01,
    -5.7287577787533239E-01,
    -5.7287577787533206E-01,
    -5.7287577787533273E-01,
    -5.7287577787951227E-01,
    -5.7287577787951149E-01,
    -5.7287577787951227E-01,
    -5.7287577787947508E-01,
    -5.7287577787947375E-01,
    -5.7287577787947386E-01,
    -5.7287577787421951E-01,
    -5.7287577787422117E-01,
    -5.7287577787421928E-01,
    -5.7287577787529720E-01,
    -5.7287577787529687E-01,
    -5.7287577787529764E-01,
    -5.7286350362256400E-01,
    -5.7286350362256433E-01,
    -5.7286350362256433E-01,
    -5.7286350362363203E-01,
    -5.7286350362363248E-01,
    -5.7286350362363381E-01,
    -5.7286350362774807E-01,
    -5.7286350362774718E-01,
    -5.7286350362774796E-01,
    -5.7286350362778093E-01,
    -5.7286350362778049E-01,
    -5.7286350362778127E-01,
    -5.7286350362256100E-01,
    -5.7286350362255978E-01,
    -5.7286350362256011E-01,
    -5.7286350362359262E-01,
    -5.7286350362359206E-01,
    -5.7286350362359340E-01,
    -5.7286350362363214E-01,
    -5.7286350362363470E-01,
    -5.7286350362363470E-01,
    -5.7286350362778593E-01,
    -5.7286350362778293E-01,
    -5.7286350362778471E-01,
    -5.7286350362252669E-01,
    -5.7286350362252869E-01,
    -5.7286350362252625E-01,
    -5.7341156362749235E-01,
    -5.7341156362749446E-01,
    -5.7341156362749457E-01,
    -5.7341156362839674E-01,
    -5.7341156362839762E-01,
    -5.7341156362839885E-01,
    -5.7341156363321510E-01,
    -5.7341156363321610E-01,
    -5.7341156363321621E-01,
    -5.7341156363318158E-01,
    -5.7341156363318235E-01,
    -5.7341156363318413E-01,
    -5.7341156362749424E-01,
    -5.7341156362749346E-01,
    -5.7341156362749435E-01,
    -5.7341156362842782E-01,
    -5.7341156362842893E-01,
    -5.7341156362842904E-01,
    -5.7341156362839951E-01,
    -5.7341156362839873E-01,
    -5.7341156362839840E-01,
    -5.7341156363318380E-01,
    -5.7341156363318546E-01,
    -5.7341156363318602E-01,
    -5.7341156362752721E-01,
    -5.7341156362752899E-01,
    -5.7341156362752799E-01,
    -5.7341385336932416E-01,
    -5.7341385336932582E-01,
    -5.7341385336932704E-01,
