{
  "version":  "0.6.0",
  "energy":    -1.7129573138832533E+04,
  "energies": [
    -5.7226637871516139E-01,
    -5.7226637871516439E-01,
    -5.7226637871519737E-01,
    -5.7226637871519637E-01,
    -5.7226637871516306E-01,
    -5.7226637871516162E-01,
    -5.7226637871519603E-01,
    -5.7226637871519748E-01,
    -5.6829758320265666E-01,
    -5.6829758320265600E-01,
    -5.6829758320266732E-01,
    -5.6829758320266577E-01,
    -5.6829758320265689E-01,
    -5.6829758320265489E-01,
    -5.6829758320266499E-01,
    -5.6829758320266632E-01,
    -5.7192485701245299E-01,
    -5.7192485701245355E-01,
    -5.7192485701269269E-01,
    -5.7192485701269014E-01,
    -5.7192485701245221E-01,
    -5.7192485701245011E-01,
    -5.7192485701269002E-01,
    -5.7192485701269069E-01,
    -5.6866436861247815E-01,
    -5.6866436861247760E-01,
    -5.6866436861185843E-01,
    -5.6866436861185843E-01,
    -5.6866436861247660E-01,
    -5.6866436861247671E-01,
    -5.6866436861185876E-01,
    -5.6866436861186009E-01,
    -5.6884261681550508E-01,
    -5.6884261681550452E-01,
    -5.6884261681583470E-01,
    -5.6884261681583193E-01,
    -5.6884261681550397E-01,
    -5.6884261681550374E-01,
    -5.6884261681583181E-01,
    -5.6884261681583148E-01,
    -5.6935394389926619E-01,
    -5.6935394389926597E-01,
    -5.6935394389944083E-01,
    -5.6935394389943983E-01,
    -5.6935394389926963E-01,
    -5.6935394389927130E-01,
    -5.6935394389944727E-01,
    -5.6935394389944827E-01,
    -5.7021496285192219E-01,
    -5.7021496285192319E-01,
    -5.7021496285192319E-01,
    -5.7021496285192508E-01,
    -5.7021496285192375E-01,
    -5.7021496285192341E-01,
    -5.7021496285192297E-01,
    -5.7021496285192319E-01,
    -5.7137595762668514E-01,
    -5.7137595762668592E-01,
    -5.7137595762666338E-01,
    -5.7137595762666149E-01,
    -5.7137595762668547E-01,
    -5.7137595762668458E-01,
    -5.7137595762666249E-01,
    -5.7137595762666293E-01,
    -5.6850617820438432E-01,
    -5.6850617820438287E-01,
    -5.6850617820437110E-01,
    -5.6850617820437355E-01,
    -5.6850617820438121E-01,
    -5.6850617820438187E-01,
    -5.6850617820437266E-01,
    -5.6850617820437133E-01,
    -5.6962802513116684E-01,
    -5.6962802513116906E-01,
    -5.6962802513116828E-01,
    -5.6962802513116839E-01,
    -5.6962802513116906E-01,
    -5.6962802513116828E-01,
    -5.6962802513116639E-01,
    -5.6962802513116562E-01,
    -5.7108830890276485E-01,
    -5.7108830890276563E-01,
    -5.7108830890419937E-01,
    -5.7108830890419948E-01,
    -5.7108830890276541E-01,
    -5.7108830890276685E-01,
    -5.7108830890420070E-01,
    -5.7108830890420159E-01,
    -5.6762051072256592E-01,
    -5.6762051072256625E-01,
    -5.6762051072196018E-01,
    -5.6762051072196029E-01,
    -5.6762051072256714E-01,
    -5.6762051072256692E-01,
    -5.6762051072195907E-01,
    -5.6762051072195785E-01,
    -5.7045567977855283E-01,
    -5.7045567977855471E-01,
    -5.7045567977913358E-01,
    -5.7045567977913414E-01,
    -5.7045567977855449E-01,
    -5.7045567977855505E-01,
    -5.7045567977913780E-01,
    -5.7045567977913469E-01,
    -5.6900697457149341E-01,
    -5.6900697457149341E-01,
    -5.6900697457054428E-01,
    -5.6900697457054206E-01,
    -5.6900697457149407E-01,
    -5.6900697457149585E-01,
    -5.6900697457054383E-01,
    -5.6900697457054450E-01,
    -5.7226633090771428E-01,
    -5.7226633090771217E-01,
    -5.7226633090638468E-01,
    -5.7226633090638546E-01,
    -5.7226633090771284E-01,
    -5.7226633090771306E-01,
    -5.7226633090638590E-01,
    -5.7226633090638623E-01,
    -5.6829745513584229E-01,
    -5.6829745513584329E-01,
    -5.6829745513716734E-01,
    -5.6829745513716701E-01,
    -5.6829745513584096E-01,
    -5.6829745513584129E-01,
    -5.6829745513716767E-01,
    -5.6829745513716567E-01,
    -5.7192486162453982E-01,
    -5.7192486162453948E-01,
    -5.7192486162448197E-01,
    -5.7192486162448219E-01,
    -5.7192486162454226E-01,
    -5.7192486162454281E-01,
    -5.7192486162448153E-01,
    -5.7192486162448131E-01,
    -5.6866429069752833E-01,
    -5.6866429069752888E-01,
    -5.6866429069741908E-01,
    -5.6866429069741853E-01,
    -5.6866429069752589E-01,
    -5.6866429069752655E-01,
    -5.6866429069741598E-01,
    -5.6866429069741742E-01,
    -5.6884255980251575E-01,
    -5.6884255980251563E-01,
    -5.6884255980239984E-01,
    -5.6884255980239984E-01,
    -5.6884255980252574E-01,
    -5.6884255980252552E-01,
    -5.6884255980240905E-01,
    -5.6884255980241083E-01,
    -5.6935391036451255E-01,
    -5.6935391036451155E-01,
    -5.6935391036443417E-01,
    -5.6935391036443395E-01,
    -5.6935391036451166E-01,
    -5.6935391036451277E-01,
    -5.6935391036443317E-01,
    -5.6935391036443272E-01,
    -5.7021499292654210E-01,
    -5.7021499292654254E-01,
    -5.7021499292611466E-01,
    -5.7021499292611344E-01,
    -5.7021499292654210E-01,
    -5.7021499292654421E-01,
    -5.7021499292611455E-01,
    -5.7021499292611333E-01,
    -5.7137600868298521E-01,
    -5.7137600868298688E-01,
    -5.7137600868163463E-01,
    -5.7137600868163552E-01,
    -5.7137600868298588E-01,
    -5.7137600868298621E-01,
    -5.7137600868163618E-01,
    -5.7137600868163574E-01,
    -5.6850604539666938E-01,
    -5.6850604539667093E-01,
    -5.6850604539750049E-01,
    -5.6850604539750238E-01,
    -5.6850604539666894E-01,
    -5.6850604539666971E-01,
    -5.6850604539750227E-01,
    -5.6850604539750205E-01,
    -5.6962798009855387E-01,
    -5.6962798009855564E-01,
    -5.6962798009916860E-01,
    -5.6962798009916848E-01,
    -5.6962798009855353E-01,
    -5.6962798009855375E-01,
    -5.6962798009916749E-01,
    -5.6962798009916882E-01,
    -5.7108839913291243E-01,
    -5.7108839913290965E-01,
    -5.7108839913290654E-01,
    -5.7108839913290788E-01,
    -5.7108839913291165E-01,
    -5.7108839913290987E-01,
    -5.7108839913290710E-01,
    -5.7108839913290810E-01,
    -5.6762049204134546E-01,
    -5.6762049204134557E-01,
    -5.6762049204136200E-01,
    -5.6762049204136267E-01,
    -5.6762049204134368E-01,
    -5.6762049204134246E-01,
    -5.6762049204136178E-01,
    -5.6762049204136222E-01,
    -5.7045570206476681E-01,
    -5.7045570206476592E-01,
    -5.7045570206478091E-01,
    -5.7045570206478136E-01,
    -5.7045570206476615E-01,
    -5.7045570206476459E-01,
    -5.7045570206477947E-01,
    -5.7045570206477902E-01,
    -5.6900702871120423E-01,
    -5.6900702871120457E-01,
    -5.6900702871124165E-01,
    -5.6900702871124342E-01,
    -5.6900702871120334E-01,
    -5.6900702871120334E-01,
    -5.6900702871124109E-01,
    -5.6900702871124276E-01,
    -5.7226643121230314E-01,
    -5.7226643121230425E-01,
    -5.7226643121226495E-01,
    -5.7226643121226384E-01,
    -5.7226643121230558E-01,
    -5.7226643121230536E-01,
    -5.7226643121226528E-01,
    -5.7226643121226684E-01,
    -5.6829754801397037E-01,
    -5.6829754801397125E-01,
    -5.6829754801395549E-01,
    -5.6829754801395649E-01,
    -5.6829754801396914E-01,
    -5.6829754801397181E-01,
    -5.6829754801395904E-01,
    -5.6829754801395871E-01,
    -5.7192486196151859E-01,
    -5.7192486196152015E-01,
    -5.7192486196127446E-01,
    -5.7192486196127612E-01,
    -5.7192486196151870E-01,
    -5.7192486196152026E-01,
    -5.7192486196127823E-01,
    -5.7192486196128078E-01,
    -5.6866408836839621E-01,
    -5.6866408836839966E-01,
    -5.6866408836901428E-01,
    -5.6866408836901605E-01,
    -5.6866408836839588E-01,
    -5.6866408836839644E-01,
    -5.6866408836901372E-01,
    -5.6866408836901494E-01,
    -5.6884237779113855E-01,
    -5.6884237779114133E-01,
    -5.6884237779081182E-01,
    -5.6884237779081082E-01,
    -5.6884237779114155E-01,
    -5.6884237779114266E-01,
    -5.6884237779081126E-01,
    -5.6884237779081104E-01,
    -5.6935394315780308E-01,
    -5.6935394315780252E-01,
    -5.6935394315762644E-01,
    -5.6935394315762811E-01,
    -5.6935394315779619E-01,
    -5.6935394315779653E-01,
    -5.6935394315762156E-01,
    -5.6935394315762178E-01,
    -5.7021496342239308E-01,
