{
  "version":  "0.6.0",
  "energy":    -9.2048850145918402E+02,
  "energies": [
    -5.6254058873598556E-01,
    -5.6366928327926114E-01,
    -5.6511458106175305E-01,
    -5.6595857997498966E-01,
    -5.6454271691831859E-01,
    -5.6258605082336866E-01,
    -5.6366928239403602E-01,
    -5.6454270310841370E-01,
    -5.6254062130953275E-01,
    -5.6595858630756701E-01,
    -5.6258602241757338E-01,
    -5.6254058623374548E-01,
    -5.6454260542452450E-01,
    -5.6454265384950508E-01,
    -5.6366930655396652E-01,
    -5.6595859386459635E-01,
    -5.6258607867435650E-01,
    -5.6511464634546305E-01,
    -5.6511457887792416E-01,
    -5.6595865397271039E-01,
    -5.6258604010292335E-01,
    -5.6254068519665756E-01,
    -5.6511462016225988E-01,
    -5.6366945648810229E-01,
    -7.5586348638369159E+01,
    -7.5580127564040140E+01,
    -7.5579518255295824E+01,
    -7.5584188148889794E+01,
    -7.5577329820576239E+01,
    -7.5576956497686098E+01,
    -7.5577735400999302E+01,
    -7.5576571940418873E+01,
    -7.5581352216566202E+01,
    -7.5576347028376205E+01,
    -7.5574513954126616E+01,
    -7.5579864471762122E+01
  ]
}
