{
  "version":  "0.5.0",
  "energy":    -7.3417628461037357E+03,
  "energies": [
    -5.7097001454390039E-01,
    -5.7096136611023229E-01,
    -5.7100497078958568E-01,
    -5.7099632099784070E-01,
    -5.7096012574962907E-01,
    -5.7095147685319825E-01,
    -5.7099236159850253E-01,
    -5.7098371137731962E-01,
    -5.7071803083566641E-01,
    -5.7068004858664489E-01,
    -5.7069188931740389E-01,
    -5.7065391160884960E-01,
    -5.7071819578717897E-01,
    -5.7068021492459042E-01,
    -5.7069238077993278E-01,
    -5.7065440447924687E-01,
    -5.7091804606196428E-01,
    -5.7090429585573910E-01,
    -5.7089542488097567E-01,
    -5.7088167028407621E-01,
    -5.7092534543755935E-01,
    -5.7091159689436055E-01,
    -5.7090127980983107E-01,
    -5.7088752697389933E-01,
    -5.7174338806586678E-01,
    -5.7184763839247266E-01,
    -5.7173904805990228E-01,
    -5.7184330165080643E-01,
    -5.7176466620478938E-01,
    -5.7186891448573929E-01,
    -5.7175898998636610E-01,
    -5.7186324255457766E-01,
    -5.7211060680937487E-01,
    -5.7209490206533586E-01,
    -5.7211297395492777E-01,
    -5.7209727041479208E-01,
    -5.7210559478316847E-01,
    -5.7208989004163879E-01,
    -5.7210820132275697E-01,
    -5.7209249781633575E-01,
    -5.7249609150331349E-01,
    -5.7247500925107142E-01,
    -5.7251136093652066E-01,
    -5.7249028136368740E-01,
    -5.7246346201321097E-01,
    -5.7244237904826434E-01,
    -5.7247640475503325E-01,
    -5.7245532428095736E-01,
    -5.7009153172133964E-01,
    -5.7014175927850241E-01,
    -5.7010642380762722E-01,
    -5.7015659355458082E-01,
    -5.7007644621491393E-01,
    -5.7012669141597994E-01,
    -5.7009039325844391E-01,
    -5.7014058213045937E-01,
    -5.7056912583663266E-01,
    -5.7055448666227004E-01,
    -5.7055633335475253E-01,
    -5.7054169548550637E-01,
    -5.7055932923670127E-01,
    -5.7054469003335728E-01,
    -5.7054675754777240E-01,
    -5.7053211962096295E-01,
    -5.7039683215914927E-01,
    -5.7032921382414825E-01,
    -5.7038896955874574E-01,
    -5.7032135303473996E-01,
    -5.7039144767997685E-01,
    -5.7032382675451954E-01,
    -5.7038375130618713E-01,
    -5.7031613216715882E-01,
    -5.7069327356790844E-01,
    -5.7070431982509873E-01,
    -5.7070019535858496E-01,
    -5.7071124154244868E-01,
    -5.7066120124785913E-01,
    -5.7067224868517874E-01,
    -5.7066611910248022E-01,
    -5.7067716648526423E-01,
    -5.7086882238782377E-01,
    -5.7083296383676507E-01,
    -5.7084037650603381E-01,
    -5.7080452213107669E-01,
    -5.7088114777922661E-01,
    -5.7084529182907062E-01,
    -5.7085294868122749E-01,
    -5.7081709696203387E-01,
    -5.7070947676439554E-01,
    -5.7069363976773158E-01,
    -5.7073359731997408E-01,
    -5.7071776067168445E-01,
    -5.7070465039336971E-01,
    -5.7068881348004707E-01,
    -5.7072757801842233E-01,
    -5.7071174152584137E-01,
    -5.7065014430894567E-01,
    -5.7074976835190749E-01,
    -5.7063307233109883E-01,
    -5.7073269564775708E-01,
    -5.7064764974229565E-01,
    -5.7074726210919147E-01,
    -5.7063064825789345E-01,
    -5.7073025925156018E-01,
    -5.7017136079622011E-01,
    -5.7010112699216853E-01,
    -5.7017191562358627E-01,
    -5.7010168420427443E-01,
    -5.7016093599498663E-01,
    -5.7009069901479548E-01,
    -5.7016168414835389E-01,
    -5.7009144956050084E-01,
    -5.7065354554772230E-01,
    -5.7064934807322254E-01,
    -5.7075394710365779E-01,
    -5.7074973958434516E-01,
    -5.7065422783531339E-01,
    -5.7065003225420474E-01,
    -5.7075444305881695E-01,
    -5.7075023746074516E-01,
    -5.7163458030693537E-01,
    -5.7161404757414880E-01,
    -5.7163716023147593E-01,
    -5.7161663218554426E-01,
    -5.7162958059109059E-01,
    -5.7160905229810632E-01,
    -5.7163174212410983E-01,
    -5.7161121865983788E-01,
    -5.7041268802141898E-01,
    -5.7035572411193292E-01,
    -5.7040885632648086E-01,
    -5.7035189042994072E-01,
    -5.7040770919164430E-01,
    -5.7035075191696671E-01,
    -5.7040368144331743E-01,
    -5.7034672307909806E-01,
    -5.7083230319681566E-01,
    -5.7081810112067366E-01,
    -5.7083904100488780E-01,
    -5.7082483989749622E-01,
    -5.7082567876522261E-01,
    -5.7081147688613554E-01,
    -5.7083193637318264E-01,
    -5.7081773543150649E-01,
    -5.7123651092651428E-01,
    -5.7121701085501730E-01,
    -5.7114469620018615E-01,
    -5.7112515314471923E-01,
    -5.7131766048880672E-01,
    -5.7129816636774644E-01,
    -5.7121284073279777E-01,
    -5.7119330350043507E-01,
    -5.7101744711165181E-01,
    -5.7099971333538202E-01,
    -5.7101833893039877E-01,
    -5.7100060555446330E-01,
    -5.7101495529736546E-01,
    -5.7099722199043856E-01,
    -5.7101565867460835E-01,
    -5.7099792577441444E-01,
    -5.7060987734450253E-01,
    -5.7061227201558995E-01,
    -5.7064838701717269E-01,
    -5.7065078096046118E-01,
    -5.7059852921003584E-01,
    -5.7060092227897841E-01,
    -5.7063494507316581E-01,
    -5.7063733751872014E-01,
    -5.7008147196341374E-01,
    -5.7014048888318125E-01,
    -5.7007810507450751E-01,
    -5.7013711962877567E-01,
    -5.7007865992354578E-01,
    -5.7013767088573986E-01,
    -5.7007548647344830E-01,
    -5.7013449495829249E-01,
    -5.7074919165162430E-01,
    -5.7073472470433906E-01,
    -5.7068783775928189E-01,
    -5.7067336284607273E-01,
    -5.7083867493835150E-01,
    -5.7082425094052980E-01,
    -5.7076372147597132E-01,
    -5.7074928953314052E-01,
    -5.7043559805025490E-01,
    -5.7042776109926630E-01,
    -5.7053052715538843E-01,
    -5.7052270872640443E-01,
    -5.7043563272440079E-01,
    -5.7042779632244867E-01,
    -5.7053055488104232E-01,
    -5.7052273697531375E-01,
    -7.5338458084526067E+01,
    -7.5338467373964903E+01,
    -7.5338484337161631E+01,
    -7.5338493655745268E+01,
    -7.5338409150964068E+01,
    -7.5338418452578438E+01,
    -7.5338429605070814E+01,
    -7.5338438934827053E+01,
    -7.5339894767881049E+01,
    -7.5339797901421548E+01,
    -7.5339758601134577E+01,
    -7.5339661751177417E+01,
    -7.5339813832754771E+01,
    -7.5339716999476991E+01,
    -7.5339677104792301E+01,
    -7.5339580288341509E+01,
    -7.5336948523712806E+01,
    -7.5336949295310362E+01,
    -7.5336875678774987E+01,
    -7.5336876452892511E+01,
    -7.5336889557459372E+01,
    -7.5336890330849528E+01,
    -7.5336818100275437E+01,
    -7.5336818876037441E+01,
    -7.5337983516656209E+01,
    -7.5337766665639890E+01,
    -7.5337925866672350E+01,
    -7.5337708996737078E+01,
    -7.5337915191563511E+01,
    -7.5337698357879120E+01,
    -7.5337856934890738E+01,
    -7.5337640082174403E+01,
    -7.5337657864455778E+01,
    -7.5337539874385499E+01,
    -7.5337582063856658E+01,
    -7.5337463980562646E+01,
    -7.5337610317911469E+01,
    -7.5337492326056505E+01,
    -7.5337536049086594E+01,
    -7.5337417965471118E+01,
    -7.5336452581615646E+01,
    -7.5336463383439494E+01,
    -7.5336410635900819E+01,
    -7.5336421436478872E+01,
    -7.5336397377147051E+01,
    -7.5336408178775272E+01,
    -7.5336355127288144E+01,
    -7.5336365927691205E+01,
    -7.5334600901817794E+01,
    -7.5334435662271673E+01,
    -7.5334555950477039E+01,
    -7.5334390743207663E+01,
    -7.5334553274839365E+01,
    -7.5334388088359532E+01,
    -7.5334507894539101E+01,
    -7.5334342740926800E+01,
    -7.5334120759085152E+01,
    -7.5334130065122551E+01,
    -7.5334056907208463E+01,
    -7.5334066216851227E+01,
    -7.5333981464661960E+01,
    -7.5333990762671320E+01,
    -7.5333911966363388E+01,
    -7.5333921267486360E+01,
    -7.5331134020037808E+01,
    -7.5330608453400430E+01,
    -7.5331077019629177E+01,
    -7.5330551448990775E+01,
    -7.5331077623875288E+01,
    -7.5330552047915177E+01,
    -7.5331021298788272E+01,
    -7.5330495718842499E+01,
    -7.5332213039715995E+01,
    -7.5332220549041992E+01,
    -7.5332147616367365E+01,
    -7.5332155124239776E+01,
    -7.5332156795300463E+01,
    -7.5332164303683456E+01,
    -7.5332092060514725E+01,
    -7.5332099567465420E+01,
    -7.5331790147932779E+01,
