{
  "version":  "0.6.0",
  "energy":    -1.2249375156281005E+03,
  "energies": [
    -5.6792763632772847E-01,
    -5.6801865023858378E-01,
    -5.6513766355905026E-01,
    -5.6819929368219024E-01,
    -5.6950772366891000E-01,
    -5.6651064513451532E-01,
    -5.6728328758998670E-01,
    -5.7009810021625373E-01,
    -5.6728324656422346E-01,
    -5.6513764100292030E-01,
    -5.7131560873017506E-01,
    -5.6778726948347413E-01,
    -5.6801866800688883E-01,
    -5.7116016468713793E-01,
    -5.6997603658620022E-01,
    -5.6774723115775394E-01,
    -5.6957661610118882E-01,
    -5.6774723934163773E-01,
    -5.6792765409765145E-01,
    -5.7194963517038133E-01,
    -5.6997603371006311E-01,
    -5.7194960017009200E-01,
    -5.6778731621140566E-01,
    -5.6651069145180144E-01,
    -5.7116014627720180E-01,
    -5.6957661317358932E-01,
    -5.6950771264982025E-01,
    -5.7131564582117922E-01,
    -5.7009812518846259E-01,
    -5.6819925030595175E-01,
    -5.5603684903146777E-01,
    -5.5603687728945439E-01,
    -7.5424308471607077E+01,
    -7.5426144297566239E+01,
    -7.5423976996333181E+01,
    -7.5424247754589175E+01,
    -7.5426646789037335E+01,
    -7.5423012383928480E+01,
    -7.5421942860641195E+01,
    -7.5423301175704822E+01,
    -7.5424223641270387E+01,
    -7.5421321946869398E+01,
    -7.5421382276266073E+01,
    -7.5419015841912497E+01,
    -7.5420875324280132E+01,
    -7.5420245863756293E+01,
    -7.5419987195361898E+01,
    -7.5420417936348940E+01
  ]
}
