{
  "version":  "0.5.0",
  "energy":    -4.5921277488840093E+02,
  "energies": [
    -5.7182879422986777E-01,
    -5.7183918936981504E-01,
    -5.7182859757255300E-01,
    -5.7077095700212155E-01,
    -5.7074527249916751E-01,
    -5.7075994500693983E-01,
    -5.7079112381800257E-01,
    -5.7080581660246799E-01,
    -5.7079485661772167E-01,
    -5.7143548788665455E-01,
    -5.7144444849506937E-01,
    -5.7145999526049052E-01,
    -7.5396845721695755E+01,
    -7.5395126312369712E+01,
    -7.5393435444257079E+01,
    -7.5392668033348116E+01,
    -7.5390943770162750E+01,
    -7.5389251122206645E+01
  ]
}
