{
  "version":  "0.6.0",
  "energy":    -7.6529076364903446E+01,
  "energies": [
    -7.5405505318587970E+01,
    -5.6178552315773200E-01,
    -5.6178552315773223E-01
  ],
  "virial": [
    -4.7307243640869079E-02,
    -5.7132113384607334E-18,
    -1.3167644662227283E-16,
    -5.7132177344524297E-18,
     6.2341179197148593E-02,
    -5.3857460013790240E-18,
    -1.2820699967031922E-16,
    -5.3857252152349594E-18,
     7.9488822189261697E-03
  ],
  "gradient": [
     4.7460950100552957E-17,
     1.1307994829435545E-17,
     5.8479818211396299E-02,
    -3.8092552323483887E-02,
    -9.6380546252611041E-18,
    -2.9239909105698146E-02,
     3.8092552323483644E-02,
    -1.6699473395664798E-18,
    -2.9239909105698080E-02
  ]
}
