{
  "version":  "0.6.0",
  "energy":    -7.6432499387823896E+01,
  "energies": [
    -7.5305060440401945E+01,
    -5.6371947371097342E-01,
    -5.6371947371097297E-01
  ],
  "virial": [
    -1.0889796760287081E-01,
     2.4974918599246450E-18,
     1.7897367907855969E-16,
     2.4974935876814437E-18,
    -3.3409829452550396E-07,
     1.7763140884783934E-18,
     1.6683061474672204E-16,
     1.7763140884789847E-18,
    -6.3409614030499453E-02
  ],
  "gradient": [
    -1.8778381627448937E-16,
    -3.7279945399207546E-18,
     6.6542506584929495E-02,
    -3.7981803451966736E-02,
     3.6003073982808531E-18,
    -3.3271253292464650E-02,
     3.7981803451966896E-02,
     1.2768714163990171E-19,
    -3.3271253292464782E-02
  ]
}
