{
  "version":  "0.6.0",
  "energy":    -6.1349842793166954E+02,
  "energies": [
    -5.6914943329346213E-01,
    -5.6886058548767615E-01,
    -5.6914693677124717E-01,
    -5.6886009311465568E-01,
    -5.6886444449151208E-01,
    -5.6915336397084904E-01,
    -5.6885678249765270E-01,
    -5.6914281639842668E-01,
    -5.6785871988324832E-01,
    -5.6785845589770334E-01,
    -5.6785586447346714E-01,
    -5.6785557778034124E-01,
    -5.6785809640793650E-01,
    -5.6785813484840786E-01,
    -5.6785549764595500E-01,
    -5.6785553593829008E-01,
    -7.5556581877373617E+01,
    -7.5556382401432671E+01,
    -7.5556183877541173E+01,
    -7.5555983279813901E+01,
    -7.5544898799963377E+01,
    -7.5544700145351683E+01,
    -7.5544502434179662E+01,
    -7.5544304777112600E+01
  ]
}
