{
  "version":  "0.6.0",
  "energy":    -6.1327880619807672E+02,
  "energies": [
    -5.6639701368713746E-01,
    -5.6639701302463774E-01,
    -5.6639701221704009E-01,
    -5.6639701573979939E-01,
    -5.6639701625167671E-01,
    -5.6639701302463841E-01,
    -5.6639701573979806E-01,
    -5.6639701221703942E-01,
    -5.6639701896683969E-01,
    -5.6639701896684014E-01,
    -5.6639701046009894E-01,
    -5.6639701544407850E-01,
    -5.6639701544407839E-01,
    -5.6639701625167749E-01,
    -5.6639701046009905E-01,
    -5.6639701368713846E-01,
    -7.5529318172720593E+01,
    -7.5528494477357256E+01,
    -7.5528379017809186E+01,
    -7.5527511423996515E+01,
    -7.5526327018121535E+01,
    -7.5526129088709794E+01,
    -7.5525499453091371E+01,
    -7.5524795314687836E+01
  ]
}
