{
  "version":  "0.5.0",
  "energy":    -1.7128157858443981E+04,
  "energies": [
    -5.7257852372086548E-01,
    -5.7257837565168945E-01,
    -5.7257846087992292E-01,
    -5.7257836863792655E-01,
    -5.7257859745145989E-01,
    -5.7257842456413410E-01,
    -5.7257853461086827E-01,
    -5.7257841754983207E-01,
    -5.6859452390143816E-01,
    -5.6859430288984147E-01,
    -5.6859447597157986E-01,
    -5.6859431824955220E-01,
    -5.6859452460730930E-01,
    -5.6859433274317084E-01,
    -5.6859447667781260E-01,
    -5.6859434810115550E-01,
    -5.7222073233005943E-01,
    -5.7222021648644983E-01,
    -5.7222014141260791E-01,
    -5.7221970516651099E-01,
    -5.7222083740303065E-01,
    -5.7222091041138823E-01,
    -5.7222024648618841E-01,
    -5.7222039908375921E-01,
    -5.6898452782450226E-01,
    -5.6898450556527813E-01,
    -5.6898741663833396E-01,
    -5.6898734712258181E-01,
    -5.6898447306804312E-01,
    -5.6898448083957132E-01,
    -5.6898736188351484E-01,
    -5.6898732239831074E-01,
    -5.6912226172645819E-01,
    -5.6912219300251998E-01,
    -5.6912155246389617E-01,
    -5.6912150226219371E-01,
    -5.6912223097069903E-01,
    -5.6912219595619040E-01,
    -5.6912152170856500E-01,
    -5.6912150521565141E-01,
    -5.6963261124880937E-01,
    -5.6963414688201730E-01,
    -5.6963092792632486E-01,
    -5.6963253549603010E-01,
    -5.6963268251201005E-01,
    -5.6963018383709385E-01,
    -5.6963099918879945E-01,
    -5.6962857242178377E-01,
    -5.7047938922994923E-01,
    -5.7048209150452545E-01,
    -5.7047930215086884E-01,
    -5.7048200982812880E-01,
    -5.7047942342197655E-01,
    -5.7048337444523123E-01,
    -5.7047933634567438E-01,
    -5.7048329276815213E-01,
    -5.7162988158505446E-01,
    -5.7162986668254634E-01,
    -5.7162987434630408E-01,
    -5.7162990938589786E-01,
    -5.7162991958881326E-01,
    -5.7162991974758570E-01,
    -5.7162991234975769E-01,
    -5.7162996245064901E-01,
    -5.6877889341023991E-01,
    -5.6877886356275786E-01,
    -5.6877883798751905E-01,
    -5.6877885358263625E-01,
    -5.6877899550328714E-01,
    -5.6877898643752955E-01,
    -5.6877894008047969E-01,
    -5.6877897645725328E-01,
    -5.6991939469614572E-01,
    -5.6991556199257443E-01,
    -5.6991931958698572E-01,
    -5.6991551969857746E-01,
    -5.6991932529497680E-01,
    -5.6991680191868010E-01,
    -5.6991925018649614E-01,
    -5.6991675962120614E-01,
    -5.7132543964679550E-01,
    -5.7132528404737759E-01,
    -5.7132123559384485E-01,
    -5.7132114415817348E-01,
    -5.7132636247197688E-01,
    -5.7132631931917699E-01,
    -5.7132215843249079E-01,
    -5.7132217944155272E-01,
    -5.6789124817278458E-01,
    -5.6789111171419726E-01,
    -5.6789124985128758E-01,
    -5.6789212132865696E-01,
    -5.6789133237958866E-01,
    -5.6789124164743554E-01,
    -5.6789133405516234E-01,
    -5.6789225125907195E-01,
    -5.7072879887247152E-01,
    -5.7072863603543666E-01,
    -5.7072904798856672E-01,
    -5.7072360762486196E-01,
    -5.7072886467422135E-01,
    -5.7072874194760304E-01,
    -5.7072911378816993E-01,
    -5.7072371353526818E-01,
    -5.6928150202161110E-01,
    -5.6928154743255555E-01,
    -5.6928542857215991E-01,
    -5.6928543494918105E-01,
    -5.6927690605115733E-01,
    -5.6927700061457609E-01,
    -5.6928083264889018E-01,
    -5.6928088817935352E-01,
    -5.7257462257389236E-01,
    -5.7257471726388776E-01,
    -5.7257836929910111E-01,
    -5.7257851737324961E-01,
    -5.7257465900478977E-01,
    -5.7257476139080743E-01,
    -5.7257840573394880E-01,
    -5.7257856150361230E-01,
    -5.6859629163379444E-01,
    -5.6859634777693413E-01,
    -5.6859398100819913E-01,
    -5.6859415412418435E-01,
    -5.6859651842794934E-01,
    -5.6859658978590788E-01,
    -5.6859420778476732E-01,
    -5.6859439611505880E-01,
    -5.7222118339051087E-01,
    -5.7222103934634605E-01,
    -5.7222091455757118E-01,
    -5.7222081701202077E-01,
    -5.7222111636536432E-01,
    -5.7222102080405679E-01,
    -5.7222084753333580E-01,
    -5.7222079847226248E-01,
    -5.6898308687180577E-01,
    -5.6898305321472098E-01,
    -5.6898292837927977E-01,
    -5.6898291225529352E-01,
    -5.6898454413190835E-01,
    -5.6898451028895669E-01,
    -5.6898438564476461E-01,
    -5.6898436933455532E-01,
    -5.6912772515718701E-01,
    -5.6912774246625208E-01,
    -5.6912800719686973E-01,
    -5.6912806075568934E-01,
    -5.6912185546085448E-01,
    -5.6912187248754242E-01,
    -5.6912213747817597E-01,
    -5.6912219075480674E-01,
    -5.6963017249621239E-01,
    -5.6963238693076912E-01,
    -5.6963014295068704E-01,
    -5.6963260306087227E-01,
    -5.6963015378861992E-01,
    -5.6963240304735663E-01,
    -5.6963012424487514E-01,
    -5.6963261918012753E-01,
    -5.7048316747053196E-01,
    -5.7047928934519188E-01,
    -5.7048812266602000E-01,
    -5.7048621561871615E-01,
    -5.7048325805678302E-01,
    -5.7047932049199490E-01,
    -5.7048821324862264E-01,
    -5.7048624676399518E-01,
    -5.7163042871088998E-01,
    -5.7163036722689242E-01,
    -5.7163687278778941E-01,
    -5.7163682960643458E-01,
    -5.7163004155358621E-01,
    -5.7163001420487725E-01,
    -5.7163648556071445E-01,
    -5.7163647651607652E-01,
    -5.6877697117839932E-01,
    -5.6877693991016753E-01,
    -5.6877381019387196E-01,
    -5.6877378491760411E-01,
    -5.6877887451832487E-01,
    -5.6877887233301527E-01,
    -5.6877571341815714E-01,
    -5.6877571722478626E-01,
    -5.6991658327987749E-01,
    -5.6991920050989597E-01,
    -5.6991542759877134E-01,
    -5.6991796848104881E-01,
    -5.6991673275601240E-01,
    -5.6991926004948856E-01,
    -5.6991557707336704E-01,
    -5.6991802802018465E-01,
    -5.7132237821073051E-01,
    -5.7132230830883990E-01,
    -5.7132239484526703E-01,
    -5.7132238617393660E-01,
    -5.7132226291489874E-01,
    -5.7132220663201516E-01,
    -5.7132227954825321E-01,
    -5.7132228449596201E-01,
    -5.6789085517567139E-01,
    -5.6788987607307717E-01,
    -5.6789087553977080E-01,
    -5.6788987370003696E-01,
    -5.6789223168904379E-01,
    -5.6789130747767924E-01,
    -5.6789225206285265E-01,
    -5.6789130511499364E-01,
    -5.7072243004259415E-01,
    -5.7072772094502267E-01,
    -5.7072256919426101E-01,
    -5.7072784251256747E-01,
    -5.7072377654365136E-01,
    -5.7072918026570441E-01,
    -5.7072391570325653E-01,
    -5.7072930184148063E-01,
    -5.6928095627503050E-01,
    -5.6928085911702642E-01,
    -5.6928062237451016E-01,
    -5.6928070680418463E-01,
    -5.6928090583924118E-01,
    -5.6928083690892317E-01,
    -5.6928057193926984E-01,
    -5.6928068459745917E-01,
    -5.7257847001920847E-01,
    -5.7257858707995113E-01,
    -5.7257847702559239E-01,
    -5.7257864991248553E-01,
    -5.7257842110223800E-01,
    -5.7257851334390042E-01,
    -5.7257842810808135E-01,
    -5.7257857617678476E-01,
    -5.6859431338271249E-01,
    -5.6859444195869069E-01,
    -5.6859429801930350E-01,
    -5.6859448988277195E-01,
    -5.6859428352252872E-01,
    -5.6859444124390357E-01,
    -5.6859426815739178E-01,
    -5.6859448916834365E-01,
    -5.7222040414351649E-01,
    -5.7222025154588807E-01,
    -5.7222091546877230E-01,
    -5.7222084246037752E-01,
    -5.7221971022609075E-01,
    -5.7222014647208408E-01,
    -5.7222022154364982E-01,
    -5.7222073738718182E-01,
    -5.6898704380840803E-01,
    -5.6898708329345016E-01,
    -5.6898420224064916E-01,
    -5.6898419446876491E-01,
    -5.6898706851501790E-01,
    -5.6898713803061518E-01,
    -5.6898422694869555E-01,
    -5.6898424920757029E-01,
    -5.6912126727730661E-01,
    -5.6912128376988835E-01,
    -5.6912195800977006E-01,
    -5.6912199302368671E-01,
    -5.6912126430972076E-01,
    -5.6912131451107140E-01,
    -5.6912195504197394E-01,
    -5.6912202376530319E-01,
    -5.6962857195197114E-01,
    -5.6963099871883149E-01,
    -5.6963018336608606E-01,
    -5.6963268204097428E-01,
    -5.6963253502365507E-01,
    -5.6963092745400890E-01,
    -5.6963414640844490E-01,
    -5.6963261077542493E-01,
    -5.7048329343807003E-01,
