{
  "meshes": [
    {
      "id": "gamma",
      "label": "Gamma",
      "nk_total": 1,
      "scheme": "GAMMA",
      "shift": "",
      "della_pia_role": "Gamma-only reference"
    },
    {
      "id": "k333",
      "label": "3x3x3",
      "nk_total": 27,
      "scheme": "MACDONALD 3 3 3 0.0 0.0 0.0",
      "shift": "0.0 0.0 0.0",
      "della_pia_role": "GGA, meta-GGA, and vdW single points"
    },
    {
      "id": "k444",
      "label": "4x4x4",
      "nk_total": 64,
      "scheme": "MACDONALD 4 4 4 0.375 0.375 0.375",
      "shift": "0.375 0.375 0.375",
      "della_pia_role": "hybrid-XC single points"
    },
    {
      "id": "k555",
      "label": "5x5x5",
      "nk_total": 125,
      "scheme": "MACDONALD 5 5 5 0.0 0.0 0.0",
      "shift": "0.0 0.0 0.0",
      "della_pia_role": "dense convergence check"
    }
  ],
  "methods": [
    "GFN1",
    "GFN2"
  ],
  "results": {
    "gamma": {
      "GFN1": {
        "complete": true,
        "energies_hartree": {
          "Ih": -69.44624724714805,
          "II": -69.49645046063327,
          "III": -69.48515661730055,
          "IV": -92.62621084806366,
          "VI": -57.9208243894004,
          "VII": -69.45124958482603,
          "VIII": -46.350366753788386,
          "IX": -69.48348281352119,
          "XI": -46.28837769522919,
          "XIII": -162.1728654256018,
          "XIV": -69.48186453484696,
          "XV": -57.92004982390926,
          "XVII": -34.73852852441115
        },
        "per_h2o_hartree": {
          "Ih": -5.787187270595671,
          "II": -5.791370871719439,
          "III": -5.790429718108379,
          "IV": -5.789138178003979,
          "VI": -5.7920824389400405,
          "VII": -5.787604132068836,
          "VIII": -5.793795844223548,
          "IX": -5.790290234460099,
          "XI": -5.786047211903648,
          "XIII": -5.79188805091435,
          "XIV": -5.790155377903914,
          "XV": -5.792004982390926,
          "XVII": -5.789754754068525
        },
        "relative_kjmol": {
          "Ih": 0.0,
          "II": -10.984043235991402,
          "III": -8.513044770848772,
          "IV": -5.1221066942851925,
          "VI": -12.852262716092156,
          "VII": -1.0944696468914312,
          "VIII": -17.350807667688958,
          "IX": -8.146830502783928,
          "XI": 2.9932236832032286,
          "XIII": -12.341897025010809,
          "XIV": -7.792764663337838,
          "XV": -12.648900574432162,
          "XVII": -6.740926928550802
        },
        "relative_errors_kjmol": {
          "Ih": 0.0,
          "II": -11.294043235991404,
          "III": -9.763044770848772,
          "IV": -8.952106694285199,
          "VI": -14.632262716092157,
          "VII": -6.084469646891433,
          "VIII": -21.580807667688962,
          "IX": -8.74683050278393,
          "XI": 2.833223683203225,
          "XIII": -14.461897025010813,
          "XIV": -9.49276466333784,
          "XV": -14.388900574432164,
          "XVII": -8.490926928550802
        },
        "stats_nonreference": {
          "ME": -10.421235895225854,
          "MAE": 10.89343984242639,
          "RMSE": 11.842006303101275,
          "MaxAE": 21.580807667688962
        }
      },
      "GFN2": {
        "complete": true,
        "energies_hartree": {
          "Ih": -61.09035657990776,
          "II": -61.121245483913654,
          "III": -61.124293567843594,
          "IV": -81.45623879051304,
          "VI": -50.936703630807514,
          "VII": -60.98536802764436,
          "VIII": -40.75771501862638,
          "IX": -61.12036035805921,
          "XI": -40.71800539067372,
          "XIII": -142.64583482141023,
          "XIV": -61.11111195009689,
          "XV": -50.9355912747389,
          "XVII": -30.55146767088582
        },
        "per_h2o_hartree": {
          "Ih": -5.090863048325647,
          "II": -5.093437123659471,
          "III": -5.0936911306536325,
          "IV": -5.091014924407065,
          "VI": -5.093670363080752,
          "VII": -5.082114002303697,
          "VIII": -5.094714377328297,
          "IX": -5.0933633631716,
          "XI": -5.089750673834215,
          "XIII": -5.094494100764651,
          "XIV": -5.092592662508074,
          "XV": -5.09355912747389,
          "XVII": -5.09191127848097
        },
        "relative_kjmol": {
          "Ih": 0.0,
          "II": -6.758233857138853,
          "III": -7.425129128359787,
          "IV": -0.3987505967834701,
          "VI": -7.370603873278736,
          "VII": 22.970617163476614,
          "VIII": -10.111662902276636,
          "IX": -6.564575722936297,
          "XI": 2.920538824576549,
          "XIII": -9.533326864163351,
          "XIV": -4.541101409841193,
          "XV": -7.07855482773103,
          "XVII": -2.752127893341698
        },
        "relative_errors_kjmol": {
          "Ih": 0.0,
          "II": -7.068233857138855,
          "III": -8.675129128359787,
          "IV": -4.228750596783476,
          "VI": -9.150603873278737,
          "VII": 17.980617163476612,
          "VIII": -14.34166290227664,
          "IX": -7.1645757229362985,
          "XI": 2.760538824576545,
          "XIII": -11.653326864163356,
          "XIV": -6.241101409841196,
          "XV": -8.818554827731031,
          "XVII": -4.502127893341698
        },
        "stats_nonreference": {
          "ME": -5.091909257316494,
          "MAE": 8.548768588658687,
          "RMSE": 9.519973411249495,
          "MaxAE": 17.980617163476612
        }
      }
    },
    "k333": {
      "GFN1": {
        "complete": true,
        "energies_hartree": {
          "Ih": -69.44701015872316,
          "II": -69.5003560431744,
          "III": -69.4876008852359,
          "IV": -92.62716522272444,
          "VI": -57.9268860243559,
          "VII": -69.52554285707335,
          "VIII": -46.36685604528803,
          "IX": -69.48560837699492,
          "XI": -46.29778617887195,
          "XIII": -162.17310661786888,
          "XIV": -69.49862188578295,
          "XV": -57.925821452041745,
          "XVII": -34.74021720389236
        },
        "per_h2o_hartree": {
          "Ih": -5.787250846560263,
          "II": -5.7916963369312,
          "III": -5.790633407102992,
          "IV": -5.789197826420278,
          "VI": -5.79268860243559,
          "VII": -5.793795238089445,
          "VIII": -5.795857005661004,
          "IX": -5.790467364749577,
          "XI": -5.787223272358994,
          "XIII": -5.791896664923889,
          "XIV": -5.791551823815246,
          "XV": -5.792582145204174,
          "XVII": -5.790036200648726
        },
        "relative_kjmol": {
          "Ih": 0.0,
          "II": -11.67163335962816,
          "III": -8.8809114804478,
          "IV": -5.1117949176618485,
          "VI": -14.276826082204341,
          "VII": -17.182297590798374,
          "VIII": -22.595467603565684,
          "IX": -8.444967341663766,
          "XI": 0.07239605544983599,
          "XIII": -12.197594431913195,
          "XIV": -11.292214226005022,
          "XV": -13.997322659659147,
          "XVII": -7.3129461509609275
        },
        "relative_errors_kjmol": {
          "Ih": 0.0,
          "II": -11.981633359628162,
          "III": -10.1309114804478,
          "IV": -8.941794917661854,
          "VI": -16.056826082204342,
          "VII": -22.172297590798376,
          "VIII": -26.825467603565688,
          "IX": -9.044967341663767,
          "XI": -0.0876039445501677,
          "XIII": -14.3175944319132,
          "XIV": -12.992214226005025,
          "XV": -15.73732265965915,
          "XVII": -9.062946150960927
        },
        "stats_nonreference": {
          "ME": -13.112631649088206,
          "MAE": 13.112631649088206,
          "RMSE": 14.664581267692926,
          "MaxAE": 26.825467603565688
        }
      },
      "GFN2": {
        "complete": true,
        "energies_hartree": {
          "Ih": -61.09142769127983,
          "II": -61.12558948466376,
          "III": -61.128521545276485,