{
  "GFN1": {
    "complete": true,
    "energies_hartree": {
      "Ih": -69.44624724714801,
      "II": -69.49645046063328,
      "III": -69.48515661730059,
      "IV": -92.62621084806365,
      "VI": -57.920824389400416,
      "VII": -69.45124958482606,
      "VIII": -46.3503667537884,
      "IX": -69.48348281352116,
      "XI": -46.28837769522919,
      "XIII": -162.17286542560188,
      "XIV": -69.48186453484698,
      "XV": -57.92004982390928,
      "XVII": -34.73852852441115
    },
    "per_h2o_hartree": {
      "Ih": -5.787187270595667,
      "II": -5.79137087171944,
      "III": -5.790429718108382,
      "IV": -5.789138178003978,
      "VI": -5.792082438940041,
      "VII": -5.7876041320688385,
      "VIII": -5.79379584422355,
      "IX": -5.790290234460097,
      "XI": -5.786047211903648,
      "XIII": -5.791888050914353,
      "XIV": -5.790155377903915,
      "XV": -5.792004982390928,
      "XVII": -5.789754754068525
    },
    "relative_kjmol": {
      "Ih": 0.0,
      "II": -10.984043236003062,
      "III": -8.513044770867428,
      "IV": -5.122106694292189,
      "VI": -12.852262716103814,
      "VII": -1.0944696469077546,
      "VIII": -17.35080766770295,
      "IX": -8.146830502788593,
      "XI": 2.993223683193901,
      "XIII": -12.341897025027132,
      "XIV": -7.792764663349497,
      "XV": -12.648900574446152,
      "XVII": -6.74092692856013
    },
    "relative_errors_kjmol": {
      "Ih": 0.0,
      "II": -11.294043236003064,
      "III": -9.763044770867428,
      "IV": -8.952106694292194,
      "VI": -14.632262716103815,
      "VII": -6.084469646907756,
      "VIII": -21.580807667702953,
      "IX": -8.746830502788594,
      "XI": 2.8332236831938973,
      "XIII": -14.461897025027136,
      "XIV": -9.4927646633495,
      "XV": -14.388900574446154,
      "XVII": -8.49092692856013
    },
    "mae_relative_kjmol": 10.055482931480203,
    "me_relative_kjmol": -9.619602364834988,
    "rmse_relative_kjmol": 11.377431639993624,
    "maxae_relative_kjmol": 21.580807667702953
  },
  "GFN2": {
    "complete": true,
    "energies_hartree": {
      "Ih": -61.09035657990779,
      "II": -61.12124548391362,
      "III": -61.12429356784358,
      "IV": -81.45623879051307,
      "VI": -50.93670363080756,
      "VII": -60.98536802764434,
      "VIII": -40.75771501862635,
      "IX": -61.12036035805921,
      "XI": -40.71800539067372,
      "XIII": -142.64583482141023,
      "XIV": -61.111111950096884,
      "XV": -50.93559127473888,
      "XVII": -30.551467670885827
    },
    "per_h2o_hartree": {
      "Ih": -5.090863048325649,
      "II": -5.093437123659468,
      "III": -5.093691130653632,
      "IV": -5.091014924407067,
      "VI": -5.093670363080756,
      "VII": -5.082114002303695,
      "VIII": -5.094714377328294,
      "IX": -5.0933633631716,
      "XI": -5.089750673834215,
      "XIII": -5.094494100764651,
      "XIV": -5.092592662508074,
      "XV": -5.093559127473888,
      "XVII": -5.091911278480971
    },
    "relative_kjmol": {
      "Ih": 0.0,
      "II": -6.758233857127193,
      "III": -7.425129128352792,
      "IV": -0.3987505967834701,
      "VI": -7.370603873285731,
      "VII": 22.97061716348594,
      "VIII": -10.111662902262644,
      "IX": -6.564575722931633,
      "XI": 2.9205388245812127,
      "XIII": -9.533326864158687,
      "XIV": -4.541101409836529,
      "XV": -7.078554827721702,
      "XVII": -2.7521278933393662
    },
    "relative_errors_kjmol": {
      "Ih": 0.0,
      "II": -7.068233857127195,
      "III": -8.675129128352792,
      "IV": -4.228750596783476,
      "VI": -9.150603873285732,
      "VII": 17.980617163485938,
      "VIII": -14.341662902262648,
      "IX": -7.164575722931635,
      "XI": 2.760538824581209,
      "XIII": -11.653326864158691,
      "XIV": -6.241101409836532,
      "XV": -8.818554827721705,
      "XVII": -4.502127893339367
    },
    "mae_relative_kjmol": 7.89117100491284,
    "me_relative_kjmol": -4.700223929825587,
    "rmse_relative_kjmol": 9.146494599698798,
    "maxae_relative_kjmol": 17.980617163485938
  }
}