{
  "GFN1": {
    "complete": true,
    "energies_hartree": {
      "Ih": -69.44624724714805,
      "II": -69.49645046063327,
      "III": -69.48515661730055,
      "IV": -92.62621084806366,
      "VI": -57.9208243894004,
      "VII": -69.45124958482603,
      "VIII": -46.350366753788386,
      "IX": -69.48348281352119,
      "XI": -46.28837769522919,
      "XIII": -162.1728654256018,
      "XIV": -69.48186453484696,
      "XV": -57.92004982390926,
      "XVII": -34.73852852441115
    },
    "per_h2o_hartree": {
      "Ih": -5.787187270595671,
      "II": -5.791370871719439,
      "III": -5.790429718108379,
      "IV": -5.789138178003979,
      "VI": -5.7920824389400405,
      "VII": -5.787604132068836,
      "VIII": -5.793795844223548,
      "IX": -5.790290234460099,
      "XI": -5.786047211903648,
      "XIII": -5.79188805091435,
      "XIV": -5.790155377903914,
      "XV": -5.792004982390926,
      "XVII": -5.789754754068525
    },
    "relative_kjmol": {
      "Ih": 0.0,
      "II": -10.984043235991402,
      "III": -8.513044770848772,
      "IV": -5.1221066942851925,
      "VI": -12.852262716092156,
      "VII": -1.0944696468914312,
      "VIII": -17.350807667688958,
      "IX": -8.146830502783928,
      "XI": 2.9932236832032286,
      "XIII": -12.341897025010809,
      "XIV": -7.792764663337838,
      "XV": -12.648900574432162,
      "XVII": -6.740926928550802
    },
    "relative_errors_kjmol": {
      "Ih": 0.0,
      "II": -11.294043235991404,
      "III": -9.763044770848772,
      "IV": -8.952106694285199,
      "VI": -14.632262716092157,
      "VII": -6.084469646891433,
      "VIII": -21.580807667688962,
      "IX": -8.74683050278393,
      "XI": 2.833223683203225,
      "XIII": -14.461897025010813,
      "XIV": -9.49276466333784,
      "XV": -14.388900574432164,
      "XVII": -8.490926928550802
    },
    "mae_relative_kjmol": 10.055482931470515,
    "me_relative_kjmol": -9.619602364823866,
    "rmse_relative_kjmol": 11.377431639982873,
    "maxae_relative_kjmol": 21.580807667688962
  },
  "GFN2": {
    "complete": true,
    "energies_hartree": {
      "Ih": -61.09035657990776,
      "II": -61.121245483913654,
      "III": -61.124293567843594,
      "IV": -81.45623879051304,
      "VI": -50.936703630807514,
      "VII": -60.98536802764436,
      "VIII": -40.75771501862638,
      "IX": -61.12036035805921,
      "XI": -40.71800539067372,
      "XIII": -142.64583482141023,
      "XIV": -61.11111195009689,
      "XV": -50.9355912747389,
      "XVII": -30.55146767088582
    },
    "per_h2o_hartree": {
      "Ih": -5.090863048325647,
      "II": -5.093437123659471,
      "III": -5.0936911306536325,
      "IV": -5.091014924407065,
      "VI": -5.093670363080752,
      "VII": -5.082114002303697,
      "VIII": -5.094714377328297,
      "IX": -5.0933633631716,
      "XI": -5.089750673834215,
      "XIII": -5.094494100764651,
      "XIV": -5.092592662508074,
      "XV": -5.09355912747389,
      "XVII": -5.09191127848097
    },
    "relative_kjmol": {
      "Ih": 0.0,
      "II": -6.758233857138853,
      "III": -7.425129128359787,
      "IV": -0.3987505967834701,
      "VI": -7.370603873278736,
      "VII": 22.970617163476614,
      "VIII": -10.111662902276636,
      "IX": -6.564575722936297,
      "XI": 2.920538824576549,
      "XIII": -9.533326864163351,
      "XIV": -4.541101409841193,
      "XV": -7.07855482773103,
      "XVII": -2.752127893341698
    },
    "relative_errors_kjmol": {
      "Ih": 0.0,
      "II": -7.068233857138855,
      "III": -8.675129128359787,
      "IV": -4.228750596783476,
      "VI": -9.150603873278737,
      "VII": 17.980617163476612,
      "VIII": -14.34166290227664,
      "IX": -7.1645757229362985,
      "XI": 2.760538824576545,
      "XIII": -11.653326864163356,
      "XIV": -6.241101409841196,
      "XV": -8.818554827731031,
      "XVII": -4.502127893341698
    },
    "mae_relative_kjmol": 7.89117100491571,
    "me_relative_kjmol": -4.700223929830609,
    "rmse_relative_kjmol": 9.146494599701395,
    "maxae_relative_kjmol": 17.980617163476612
  }
}