{
  "GFN1": {
    "complete": true,
    "energies_hartree": {
      "Ih": -69.44631098970085,
      "II": -69.47559611685232,
      "III": -69.4618803890618,
      "IV": -92.6197951735352,
      "VI": -57.90396219075007,
      "VII": -69.38022470199972,
      "VIII": -46.308118001416595,
      "IX": -69.4687344874374,
      "XI": -46.28979437443449,
      "XIII": -162.11132018047363,
      "XIV": -69.45603877594304,
      "XV": -57.903818337312494,
      "XVII": -34.72897557345797
    },
    "per_h2o_hartree": {
      "Ih": -5.787192582475071,
      "II": -5.789633009737693,
      "III": -5.788490032421817,
      "IV": -5.78873719834595,
      "VI": -5.790396219075007,
      "VII": -5.78168539183331,
      "VIII": -5.788514750177074,
      "IX": -5.7890612072864505,
      "XI": -5.786224296804312,
      "XIII": -5.789690006445487,
      "XIV": -5.788003231328587,
      "XV": -5.790381833731249,
      "XVII": -5.7881625955763285
    },
    "relative_kjmol": {
      "Ih": 0.0,
      "II": -6.407340894578669,
      "III": -3.4064543655040684,
      "IV": -4.055388409841158,
      "VI": -8.411146733416537,
      "VII": 14.459127036339838,
      "VIII": -3.471350822985325,
      "IX": -4.906073765834707,
      "XI": 2.5422336780592607,
      "XIII": -6.556985730259939,
      "XIV": -2.128358271451969,
      "XV": -8.373378018587475,
      "XVII": -2.5467690462069537
    },
    "relative_errors_kjmol": {
      "Ih": 0.0,
      "II": -6.717340894578672,
      "III": -4.656454365504068,
      "IV": -7.8853884098411635,
      "VI": -10.191146733416538,
      "VII": 9.469127036339836,
      "VIII": -7.701350822985329,
      "IX": -5.506073765834708,
      "XI": 2.382233678059257,
      "XIII": -8.676985730259943,
      "XIV": -3.8283582714519717,
      "XV": -10.113378018587477,
      "XVII": -4.296769046206954
    },
    "mae_relative_kjmol": 6.2634312902358396,
    "me_relative_kjmol": -4.440145026482133,
    "rmse_relative_kjmol": 6.953140754695163,
    "maxae_relative_kjmol": 10.191146733416538
  },
  "GFN2": {
    "complete": true,
    "energies_hartree": {
      "Ih": -61.08914569582032,
      "II": -61.09932814769124,
      "III": -61.09592953206143,
      "IV": -81.4570931066034,
      "VI": -50.910546257330395,
      "VII": -60.90574010024218,
      "VIII": -40.70145244626369,
      "IX": -61.09911255387239,
      "XI": -40.71602974328574,
      "XIII": -142.58908034805765,
      "XIV": -61.07504840618883,
      "XV": -50.910367903831215,
      "XVII": -30.547192331760808
    },
    "per_h2o_hartree": {
      "Ih": -5.09076214131836,
      "II": -5.09161067897427,
      "III": -5.091327461005119,
      "IV": -5.091068319162712,
      "VI": -5.091054625733039,
      "VII": -5.075478341686848,
      "VIII": -5.087681555782961,
      "IX": -5.091592712822699,
      "XI": -5.089503717910717,
      "XIII": -5.092467155287773,
      "XIV": -5.089587367182403,
      "XV": -5.0910367903831215,
      "XVII": -5.091198721960135
    },
    "relative_kjmol": {
      "Ih": 0.0,
      "II": -2.2278353084198432,
      "III": -1.4842466329394226,
      "IV": -0.803869819509348,
      "VI": -0.7679177248603435,
      "VII": 40.127610399800005,
      "VIII": 8.088076208019348,
      "IX": -2.1806651839741846,
      "XI": 3.3039902012178164,
      "XIII": -4.47651355947768,
      "XIV": 3.0843690686889405,
      "XV": -0.7210910201074551,
      "XVII": -1.146242316936285
    },
    "relative_errors_kjmol": {
      "Ih": 0.0,
      "II": -2.5378353084198455,
      "III": -2.7342466329394224,
      "IV": -4.6338698195093535,
      "VI": -2.5479177248603446,
      "VII": 35.1376103998,
      "VIII": 3.8580762080193445,
      "IX": -2.780665183974186,
      "XI": 3.1439902012178127,
      "XIII": -6.5965135594776845,
      "XIV": 1.3843690686889376,
      "XV": -2.461091020107457,
      "XVII": -2.896242316936285
    },
    "mae_relative_kjmol": 5.439417495688513,
    "me_relative_kjmol": 1.2565895624231938,
    "rmse_relative_kjmol": 10.261617035008664,
    "maxae_relative_kjmol": 35.1376103998
  }
}