{
  "version":  "0.5.0",
  "energy":    -9.1885469350296580E+02,
  "energies": [
    -5.6779898117981187E-01,
    -5.6664193072377866E-01,
    -5.6850514653333628E-01,
    -5.6778756574802658E-01,
    -5.6663218339258958E-01,
    -5.6850300817934607E-01,
    -5.6779783539301909E-01,
    -5.6662866406745771E-01,
    -5.6851216352295086E-01,
    -5.6779659317433329E-01,
    -5.6663526813594844E-01,
    -5.6851173547980194E-01,
    -5.6778776429405431E-01,
    -5.6663224394384160E-01,
    -5.6850325471753504E-01,
    -5.6851224894207919E-01,
    -5.6779748002004182E-01,
    -5.6663655875234220E-01,
    -5.6850799476174374E-01,
    -5.6779756943863124E-01,
    -5.6663678012448127E-01,
    -5.6850792935445171E-01,
    -5.6779871046334218E-01,
    -5.6664081613727380E-01,
    -7.5440705324875779E+01,
    -7.5439346371342410E+01,
    -7.5438802881683728E+01,
    -7.5438703976284771E+01,
    -7.5437924370098301E+01,
    -7.5435893119617660E+01,
    -7.5435195577185596E+01,
    -7.5434563783084201E+01,
    -7.5433494494491129E+01,
    -7.5432908156771219E+01,
    -7.5432115818307224E+01,
    -7.5431529202743576E+01
  ]
}
