{
  "version":  "0.5.0",
  "energy":    -6.1181007685838467E+03,
  "energies": [
    -5.6867659536551363E-01,
    -5.6867752075573352E-01,
    -5.6867683867407659E-01,
    -5.6867776406445658E-01,
    -5.6867663911064514E-01,
    -5.6867869264656401E-01,
    -5.6867689129936749E-01,
    -5.6867894483535264E-01,
    -5.6617367885470060E-01,
    -5.6617457258863413E-01,
    -5.6617208637386573E-01,
    -5.6617298011225137E-01,
    -5.6617373025450524E-01,
    -5.6617574511275925E-01,
    -5.6617215357547490E-01,
    -5.6617416844549617E-01,
    -5.6832941851945984E-01,
    -5.6832943436804562E-01,
    -5.6832917026116037E-01,
    -5.6832918610933503E-01,
    -5.6833103480579683E-01,
    -5.6833096637696479E-01,
    -5.6833073590308381E-01,
    -5.6833066747338368E-01,
    -5.6822500469434734E-01,
    -5.6822434091313823E-01,
    -5.6822670354607330E-01,
    -5.6822603976183372E-01,
    -5.6822473922373629E-01,
    -5.6822418064671731E-01,
    -5.6822631295822101E-01,
    -5.6822575437655620E-01,
    -5.7023086420056301E-01,
    -5.7023080395660053E-01,
    -5.7023078118372172E-01,
    -5.7023072093970018E-01,
    -5.7023055020883906E-01,
    -5.7023035168443381E-01,
    -5.7023048662299547E-01,
    -5.7023028809862619E-01,
    -5.6915359701820400E-01,
    -5.6915354128197382E-01,
    -5.6915679655210694E-01,
    -5.6915674081729661E-01,
    -5.6915390941701949E-01,
    -5.6915371660700020E-01,
    -5.6915684825841295E-01,
    -5.6915665545232430E-01,
    -5.6713846490558451E-01,
    -5.6713839746134109E-01,
    -5.6713784275087109E-01,
    -5.6713777530745169E-01,
    -5.6713690390255278E-01,
    -5.6713673586882829E-01,
    -5.6713799662006492E-01,
    -5.6713782858996487E-01,
    -5.6875801956259153E-01,
    -5.6875734858931759E-01,
    -5.6875781382034973E-01,
    -5.6875714284326173E-01,
    -5.6876035325971941E-01,
    -5.6876031381626291E-01,
    -5.6876036570583166E-01,
    -5.6876032626141659E-01,
    -5.6972922533290937E-01,
    -5.6973183042062092E-01,
    -5.6972938112063620E-01,
    -5.6973198620925025E-01,
    -5.6972903686985366E-01,
    -5.6973182943908218E-01,
    -5.6972925763572002E-01,
    -5.6973205020581741E-01,
    -5.6980103306788110E-01,
    -5.6980475003940112E-01,
    -5.6980120741593809E-01,
    -5.6980492438577901E-01,
    -5.6980405847462534E-01,
    -5.6980417453983578E-01,
    -5.6980409860219383E-01,
    -5.6980421466684761E-01,
    -5.6973205192205201E-01,
    -5.6972925935352903E-01,
    -5.6973183115127513E-01,
    -5.6972903858361967E-01,
    -5.6973198791468338E-01,
    -5.6972938282922148E-01,
    -5.6973183212615408E-01,
    -5.6972922704159379E-01,
    -5.6980418509212527E-01,
    -5.6980406902669523E-01,
    -5.6980414495863718E-01,
    -5.6980402889265502E-01,
    -5.6980489478505014E-01,
    -5.6980117784077977E-01,
    -5.6980472043915564E-01,
    -5.6980100349320340E-01,
    -5.6867910683658340E-01,
    -5.6867705330314944E-01,
    -5.6867885462605894E-01,
    -5.6867680109269070E-01,
    -5.6867792605983036E-01,
    -5.6867700066807536E-01,
    -5.6867768272987040E-01,
    -5.6867675733827516E-01,
    -5.6617433161053965E-01,
    -5.6617231674285340E-01,
    -5.6617590837601517E-01,
    -5.6617389352009395E-01,
    -5.6617314327295576E-01,
    -5.6617224953297085E-01,
    -5.6617473584993383E-01,
    -5.6617384211440192E-01,
    -5.6833063823546948E-01,
    -5.6833070666817109E-01,
    -5.6833093714399363E-01,
    -5.6833100557582494E-01,
    -5.6832915692405084E-01,
    -5.6832914107710419E-01,
    -5.6832940518381614E-01,
    -5.6832938933646016E-01,
    -5.6822575303153855E-01,
    -5.6822631161329362E-01,
    -5.6822417929842461E-01,
    -5.6822473787553462E-01,
    -5.6822603840838992E-01,
    -5.6822670219448446E-01,
    -5.6822433955470064E-01,
    -5.6822500333776171E-01,
    -5.7023021489731085E-01,
    -5.7023041342557779E-01,
    -5.7023027847500452E-01,
    -5.7023047700330842E-01,
    -5.7023064772203180E-01,
    -5.7023070796641273E-01,
    -5.7023073072945252E-01,
    -5.7023079097377372E-01,
    -5.6915660752089858E-01,
    -5.6915680033138993E-01,
    -5.6915366870456985E-01,
    -5.6915386151899494E-01,
    -5.6915669288227533E-01,
    -5.6915674861804599E-01,
    -5.6915349335960908E-01,
    -5.6915354909680027E-01,
    -5.6713782678110325E-01,
    -5.6713799481561900E-01,
    -5.6713673402280562E-01,
    -5.6713690206094536E-01,
    -5.6713777349653216E-01,
    -5.6713784094176689E-01,
    -5.6713839566519897E-01,
    -5.6713846311125327E-01,
    -5.6876013006439741E-01,
    -5.6876016950889763E-01,
    -5.6876011761355694E-01,
    -5.6876015705709915E-01,
    -5.6875694673404986E-01,
    -5.6875761772132871E-01,
    -5.6875715247474334E-01,
    -5.6875782345820658E-01,
    -7.5343854670451464E+01,
    -7.5343761080169656E+01,
    -7.5343770582456528E+01,
    -7.5343676992459663E+01,
    -7.5343750514042981E+01,
    -7.5343657103802556E+01,
    -7.5343664845313882E+01,
    -7.5343571435750206E+01,
    -7.5342755634241627E+01,
    -7.5342658295367016E+01,
    -7.5342672649870266E+01,
    -7.5342575311902053E+01,
    -7.5342643735266805E+01,
    -7.5342549505947332E+01,
    -7.5342561251802351E+01,
    -7.5342467022592487E+01,
    -7.5343822617520331E+01,
    -7.5343726714814267E+01,
    -7.5343741158643056E+01,
    -7.5343645256291794E+01,
    -7.5343715568549726E+01,
    -7.5343618344262580E+01,
    -7.5343634082971263E+01,
    -7.5343536859914877E+01,
    -7.5338952402265420E+01,
    -7.5338857838454203E+01,
    -7.5338869810951763E+01,
    -7.5338775247128638E+01,
    -7.5338844643952285E+01,
    -7.5338750278727417E+01,
    -7.5338762046900356E+01,
    -7.5338667681724161E+01,
    -7.5339526206449236E+01,
    -7.5339428985496667E+01,
    -7.5339441934313015E+01,
    -7.5339344715003406E+01,
    -7.5339419206726078E+01,
    -7.5339321960124295E+01,
    -7.5339334877674062E+01,
    -7.5339237632669324E+01,
    -7.5341566327310375E+01,
    -7.5341473784538934E+01,
    -7.5341482031612699E+01,
    -7.5341389487579562E+01,
    -7.5341460859682201E+01,
    -7.5341367006291478E+01,
    -7.5341376536770809E+01,
    -7.5341282683007563E+01,
    -7.5336671235125920E+01,
    -7.5336576552287042E+01,
    -7.5336588655629185E+01,
    -7.5336493972744421E+01,
    -7.5336565713503262E+01,
    -7.5336471224124466E+01,
    -7.5336483122726449E+01,
    -7.5336388633360698E+01,
    -7.5337296787828876E+01,
    -7.5337203943798428E+01,
    -7.5337215014717671E+01,
    -7.5337122169148586E+01,
    -7.5337189636116250E+01,
    -7.5337096772523935E+01,
    -7.5337107806779812E+01,
    -7.5337014941604409E+01,
    -7.5334356697378212E+01,
    -7.5334262427417073E+01,
    -7.5334274468837918E+01,
    -7.5334180198770298E+01,
    -7.5334252538058010E+01,
    -7.5334161353382200E+01,
    -7.5334170793554591E+01,
    -7.5334079608020929E+01,
    -7.5332764812527060E+01,
    -7.5332671017539681E+01,
    -7.5332686907404607E+01,
    -7.5332593111731413E+01,
    -7.5332659385694939E+01,
    -7.5332565785295586E+01,
    -7.5332579915905256E+01,
    -7.5332486315219384E+01
  ]
}
