route,L_angstrom,cp2k_energy_Eh,signed_delta_E_vs_0D_Eh,signed_delta_E_vs_0D_kJ_per_mol,cp2k_sha256,normal_termination,qualified
molecular_0D,,-76.437385109217445,0.0,0.0,a606cb0ff838dc1a5f967238154d5c0892da5f5b63488d2c10959ec12d6e4d7c,True,True
periodic_3D,200,-76.437385134501923,-2.5284478e-8,-6.638438787343746e-5,a606cb0ff838dc1a5f967238154d5c0892da5f5b63488d2c10959ec12d6e4d7c,True,True
