{
  "version":  "0.5.0",
  "energy":    -7.3406728035828564E+03,
  "energies": [
    -5.7325426907190791E-01,
    -5.7325471137553508E-01,
    -5.7325454435636725E-01,
    -5.7325665948163074E-01,
    -5.7325495813120741E-01,
    -5.7326117412770938E-01,
    -5.7325523341362550E-01,
    -5.7326312277179281E-01,
    -5.7317593302397429E-01,
    -5.7317851771268602E-01,
    -5.7316378117260958E-01,
    -5.7317183749058453E-01,
    -5.7317636824856200E-01,
    -5.7317847879155615E-01,
    -5.7316421641938065E-01,
    -5.7317179859674583E-01,
    -5.7316343519067636E-01,
    -5.7316944973773876E-01,
    -5.7316341027867479E-01,
    -5.7316894002444030E-01,
    -5.7316427438063833E-01,
    -5.7317199711780342E-01,
    -5.7316424947385747E-01,
    -5.7317148736775492E-01,
    -5.7313670908429837E-01,
    -5.7313546969915630E-01,
    -5.7313400325691422E-01,
    -5.7313351955148428E-01,
    -5.7313701997652555E-01,
    -5.7313601645815715E-01,
    -5.7313431417311744E-01,
    -5.7313406635233188E-01,
    -5.7158453927059782E-01,
    -5.7158369755195626E-01,
    -5.7158413349068804E-01,
    -5.7158379830219652E-01,
    -5.7157868519853050E-01,
    -5.7157835206838048E-01,
    -5.7157827938456074E-01,
    -5.7157845281216579E-01,
    -5.7313519551003866E-01,
    -5.7313390329692238E-01,
    -5.7313698186875184E-01,
    -5.7313591558813715E-01,
    -5.7313302780987097E-01,
    -5.7313228229681878E-01,
    -5.7313481368111385E-01,
    -5.7313429410129602E-01,
    -5.7297459427654718E-01,
    -5.7297763339136376E-01,
    -5.7297743518157285E-01,
    -5.7297068816095920E-01,
    -5.7297502087055130E-01,
    -5.7297755796809136E-01,
    -5.7297786180135613E-01,
    -5.7297061277655448E-01,
    -5.7336448181693456E-01,
    -5.7336509407043545E-01,
    -5.7336443377955082E-01,
    -5.7336660287838215E-01,
    -5.7336426788300066E-01,
    -5.7335330786532268E-01,
    -5.7336421984451946E-01,
    -5.7335481729407356E-01,
    -5.7298117845719931E-01,
    -5.7297218470833911E-01,
    -5.7298115639566249E-01,
    -5.7297164347418039E-01,
    -5.7298178406815292E-01,
    -5.7297434984079021E-01,
    -5.7298176201837880E-01,
    -5.7297380858869773E-01,
    -5.7267914461805347E-01,
    -5.7267906187740591E-01,
    -5.7267614084929130E-01,
    -5.7267588180547546E-01,
    -5.7267958106835526E-01,
    -5.7267952349926132E-01,
    -5.7267657733224941E-01,
    -5.7267634348085850E-01,
    -5.7190461366388601E-01,
    -5.7190458520341902E-01,
    -5.7190461540654725E-01,
    -5.7190478980139869E-01,
    -5.7191471114336001E-01,
    -5.7191444924702817E-01,
    -5.7191471288793949E-01,
    -5.7191465384862961E-01,
    -5.7268151171349513E-01,
    -5.7268139268544760E-01,
    -5.7268385216718765E-01,
    -5.7268375642776392E-01,
    -5.7267975264801518E-01,
    -5.7267985241400765E-01,
    -5.7268209258486913E-01,
    -5.7268221565257160E-01,
    -5.7292024641383532E-01,
    -5.7292722433825549E-01,
    -5.7291536601766690E-01,
    -5.7292736889051921E-01,
    -5.7292025643450217E-01,
    -5.7292751414404086E-01,
    -5.7291537597938735E-01,
    -5.7292765870556139E-01,
    -5.7291842032222384E-01,
    -5.7292586851124705E-01,
    -5.7292876274012727E-01,
    -5.7292578093238333E-01,
    -5.7291902232710945E-01,
    -5.7292618877707968E-01,
    -5.7292936481268320E-01,
    -5.7292610117190390E-01,
    -5.7313732330121392E-01,
    -5.7314354440174109E-01,
    -5.7314834521125613E-01,
    -5.7314302369519698E-01,
    -5.7313186669714355E-01,
    -5.7314368231818236E-01,
    -5.7314288885308728E-01,
    -5.7314316161503320E-01,
    -5.7291243505924838E-01,
    -5.7291884943935867E-01,
    -5.7291203296460402E-01,
    -5.7291872890592277E-01,
    -5.7292421616142331E-01,
    -5.7291937445834762E-01,
    -5.7292381423403671E-01,
    -5.7291925394278553E-01,
    -5.7291650987028042E-01,
    -5.7292364602789003E-01,
    -5.7291703487207080E-01,
    -5.7292396360440878E-01,
    -5.7291398091891776E-01,
    -5.7292440862929905E-01,
    -5.7291450590116166E-01,
    -5.7292472622496882E-01,
    -5.7282497197675430E-01,
    -5.7282500884609733E-01,
    -5.7281187203476436E-01,
    -5.7281187762747932E-01,
    -5.7282991181616660E-01,
    -5.7282989299134845E-01,
    -5.7281681206965607E-01,
    -5.7281676195797460E-01,
    -5.7279309578571047E-01,
    -5.7279303430705464E-01,
    -5.7280321932310152E-01,
    -5.7280323761572238E-01,
    -5.7279341999690137E-01,
    -5.7279332211673717E-01,
    -5.7280354330771688E-01,
    -5.7280352520346023E-01,
    -5.7277028957019449E-01,
    -5.7277028088514026E-01,
    -5.7276543055736184E-01,
    -5.7276529626724515E-01,
    -5.7277012461521526E-01,
    -5.7276999114733829E-01,
    -5.7276526564027741E-01,
    -5.7276500657161256E-01,
    -5.7277594448955083E-01,
    -5.7277590600461448E-01,
    -5.7277599706640148E-01,
    -5.7277592710781233E-01,
    -5.7276448752909470E-01,
    -5.7276444608572052E-01,
    -5.7276454013038181E-01,
    -5.7276446720300500E-01,
    -5.7278715482795972E-01,
    -5.7278733028642270E-01,
    -5.7278648724644976E-01,
    -5.7278655019375024E-01,
    -5.7279031069050823E-01,
    -5.7279025756730795E-01,
    -5.7278964312687819E-01,
    -5.7278947749301101E-01,
    -5.7282180947010430E-01,
    -5.7282188253894684E-01,
    -5.7282458328971286E-01,
    -5.7282440838097226E-01,
    -5.7281133357938308E-01,
    -5.7281156217731810E-01,
    -5.7281410738267735E-01,
    -5.7281408798621813E-01,
    -5.7313459302393299E-01,
    -5.7314100868831652E-01,
    -5.7313121931899258E-01,
    -5.7314077968860699E-01,
    -5.7314437925688921E-01,
    -5.7314091938265543E-01,
    -5.7314100572719473E-01,
    -5.7314069038599991E-01,
    -7.5323868252833833E+01,
    -7.5323839040955676E+01,
    -7.5323844370915751E+01,
    -7.5323811783789552E+01,
    -7.5323820726336493E+01,
    -7.5323799838827114E+01,
    -7.5323796844519805E+01,
    -7.5323772579911065E+01,
    -7.5323310513096487E+01,
    -7.5323277164859306E+01,
    -7.5323297630498971E+01,
    -7.5323271091718894E+01,
    -7.5323261915796081E+01,
    -7.5323229574571116E+01,
    -7.5323249031912482E+01,
    -7.5323223500460955E+01,
    -7.5322753270502744E+01,
    -7.5322730553782435E+01,
    -7.5322729412989574E+01,
    -7.5322707758086381E+01,
    -7.5322704571398418E+01,
    -7.5322678624002393E+01,
    -7.5322680713955108E+01,
    -7.5322655829307095E+01,
    -7.5322598389070592E+01,
    -7.5322570045167538E+01,
    -7.5322578225652265E+01,
    -7.5322550134223277E+01,
    -7.5322549795748216E+01,
    -7.5322521319374147E+01,
    -7.5322529631195295E+01,
    -7.5322501407349662E+01,
    -7.5322034614754102E+01,
    -7.5322006302253556E+01,
    -7.5322006824786754E+01,
    -7.5321978410037644E+01,
    -7.5321990428331887E+01,
    -7.5321961928174744E+01,
    -7.5321962641091815E+01,
    -7.5321934038656707E+01,
    -7.5318077084023415E+01,
    -7.5318031259944988E+01,
    -7.5318046395632479E+01,
    -7.5318007415663516E+01,
    -7.5318029971565565E+01,
    -7.5317982815941477E+01,
    -7.5317999282843317E+01,
    -7.5317958971588538E+01,
    -7.5317507801982984E+01,
    -7.5317462818607993E+01,
    -7.5317485583572633E+01,
    -7.5317439236059840E+01,
    -7.5317449087998384E+01,
    -7.5317413773117977E+01,
    -7.5317426870387578E+01,
    -7.5317390190646208E+01,
    -7.5318138598042225E+01,
    -7.5318110171973842E+01,
    -7.5318126797729121E+01,
    -7.5318098798319539E+01,
    -7.5318097949036570E+01,
    -7.5318069251938297E+01,
    -7.5318086147980509E+01,
    -7.5318057877639902E+01,
    -7.5317453541768387E+01,
    -7.5317425227016116E+01,
    -7.5317422599673108E+01,
    -7.5317394484317106E+01,
    -7.5317404497942050E+01,
    -7.5317376397217828E+01,
    -7.5317373555440255E+01,
    -7.5317345654046150E+01,
    -7.5316873966641850E+01,
    -7.5316845344691174E+01,
    -7.5316850397614004E+01,
    -7.5316821992276189E+01,
    -7.5316836171204372E+01,
    -7.5316807945500827E+01,
    -7.5316812601371069E+01,
    -7.5316784592347304E+01,
    -7.5317126195963056E+01,
