{
  "version":  "0.6.0",
  "energy":    -7.3414967179802306E+03,
  "energies": [
    -5.7290143344856059E-01,
    -5.7290188094710992E-01,
    -5.7290170745703106E-01,
    -5.7290382171072163E-01,
    -5.7290211979491090E-01,
    -5.7290835647993243E-01,
    -5.7290239380149321E-01,
    -5.7291029778307434E-01,
    -5.7282191249312919E-01,
    -5.7282449810165936E-01,
    -5.7280972396738794E-01,
    -5.7281779462283156E-01,
    -5.7282235082708710E-01,
    -5.7282445942896765E-01,
    -5.7281016232365989E-01,
    -5.7281775597769169E-01,
    -5.7280941735297664E-01,
    -5.7281545056107896E-01,
    -5.7280939180476032E-01,
    -5.7281493708968512E-01,
    -5.7281025966765642E-01,
    -5.7281799486624208E-01,
    -5.7281023412455001E-01,
    -5.7281748135759425E-01,
    -5.7278115228055482E-01,
    -5.7277990974035842E-01,
    -5.7277845539353245E-01,
    -5.7277796832143546E-01,
    -5.7278146575425282E-01,
    -5.7278046126387727E-01,
    -5.7277876889149326E-01,
    -5.7277851988699113E-01,
    -5.7122546704111754E-01,
    -5.7122462296933474E-01,
    -5.7122505751891695E-01,
    -5.7122472369994937E-01,
    -5.7121960381967563E-01,
    -5.7121926781481136E-01,
    -5.7121919426361123E-01,
    -5.7121936853901079E-01,
    -5.7277968592784423E-01,
    -5.7277838968572492E-01,
    -5.7278146326683221E-01,
    -5.7278039506170575E-01,
    -5.7277752564437834E-01,
    -5.7277677986821796E-01,
    -5.7277930249478415E-01,
    -5.7277878475635113E-01,
    -5.7272346454798662E-01,
    -5.7272650522199620E-01,
    -5.7272631910923488E-01,
    -5.7271953591477143E-01,
    -5.7272389375760557E-01,
    -5.7272642903709270E-01,
    -5.7272674834456605E-01,
    -5.7271945976893335E-01,
    -5.7311407572447193E-01,
    -5.7311469143131699E-01,
    -5.7311402657247867E-01,
    -5.7311619450377393E-01,
    -5.7311385995555453E-01,
    -5.7310286109832664E-01,
    -5.7311381080256307E-01,
    -5.7310436479045035E-01,
    -5.7273001516262712E-01,
    -5.7272098784510206E-01,
    -5.7272999270973901E-01,
    -5.7272044260022914E-01,
    -5.7273062406677744E-01,
    -5.7272315154163467E-01,
    -5.7273060162558731E-01,
    -5.7272260627833549E-01,
    -5.7242589043331726E-01,
    -5.7242580720138969E-01,
    -5.7242288983344591E-01,
    -5.7242262862024418E-01,
    -5.7242632983840580E-01,
    -5.7242627209235608E-01,
    -5.7242332927132589E-01,
    -5.7242309356488053E-01,
    -5.7164682062766481E-01,
    -5.7164679276934471E-01,
    -5.7164682152040658E-01,
    -5.7164699738234392E-01,
    -5.7165695857214738E-01,
    -5.7165669547365427E-01,
    -5.7165695946704631E-01,
    -5.7165690009039249E-01,
    -5.7242822343310729E-01,
    -5.7242810425738255E-01,
    -5.7243056232321099E-01,
    -5.7243046682233067E-01,
    -5.7242646929582719E-01,
    -5.7242656992473917E-01,
    -5.7242880766765092E-01,
    -5.7242893198448219E-01,
    -5.7267463732301993E-01,
    -5.7268163741776734E-01,
    -5.7266974434609952E-01,
    -5.7268178247958235E-01,
    -5.7267464285111314E-01,
    -5.7268192868324730E-01,
    -5.7266974981535634E-01,
    -5.7268207375435798E-01,
    -5.7267268866268450E-01,
    -5.7268016342143613E-01,
    -5.7268307141270214E-01,
    -5.7268007441957747E-01,
    -5.7267329032831438E-01,
    -5.7268048506899960E-01,
    -5.7268367314609703E-01,
    -5.7268039604081822E-01,
    -5.7290732353051976E-01,
    -5.7291356930321014E-01,
    -5.7291837383434174E-01,
    -5.7291304481595351E-01,
    -5.7290185484239464E-01,
    -5.7291370842974187E-01,
    -5.7291290539071671E-01,
    -5.7291318394591595E-01,
    -5.7266670033157152E-01,
    -5.7267313664207142E-01,
    -5.7266629211110009E-01,
    -5.7267301613781574E-01,
    -5.7267851621351373E-01,
    -5.7267366356705052E-01,
    -5.7267810816067855E-01,
    -5.7267354308060503E-01,
    -5.7267086415632051E-01,
    -5.7267802564215819E-01,
    -5.7267138837042075E-01,
    -5.7267834475103718E-01,
    -5.7266832318455485E-01,
    -5.7267879213206874E-01,
    -5.7266884737917167E-01,
    -5.7267911126005000E-01,
    -5.7258128171219225E-01,
    -5.7258131827464231E-01,
    -5.7256813894906144E-01,
    -5.7256814491013008E-01,
    -5.7258623289133181E-01,
    -5.7258621368127338E-01,
    -5.7257309032220194E-01,
    -5.7257304050076041E-01,
    -5.7254939837394614E-01,
    -5.7254933658352036E-01,
    -5.7255956247505724E-01,
    -5.7255958067430479E-01,
    -5.7254972980935015E-01,
    -5.7254963172474160E-01,
    -5.7255989368353488E-01,
    -5.7255987559323973E-01,
    -5.7252596916432363E-01,
    -5.7252596051106897E-01,
    -5.7252109984777488E-01,
    -5.7252096430022481E-01,
    -5.7252580766267480E-01,
    -5.7252567410770483E-01,
    -5.7252093838422324E-01,
    -5.7252067793925898E-01,
    -5.7253166445669867E-01,
    -5.7253162556058457E-01,
    -5.7253171871452357E-01,
    -5.7253164841686877E-01,
    -5.7252017441148562E-01,
    -5.7252013331694451E-01,
    -5.7252022869364017E-01,
    -5.7252015618717134E-01,
    -5.7254341553287835E-01,
    -5.7254359157958123E-01,
    -5.7254274760972013E-01,
    -5.7254281104126004E-01,
    -5.7254658720032536E-01,
    -5.7254653408891809E-01,
    -5.7254591929496401E-01,
    -5.7254575356887227E-01,
    -5.7257811797319136E-01,
    -5.7257819089334316E-01,
    -5.7258090000186346E-01,
    -5.7258072432442786E-01,
    -5.7256759971950277E-01,
    -5.7256782962962449E-01,
    -5.7257038173201869E-01,
    -5.7257036302778663E-01,
    -5.7290458864929139E-01,
    -5.7291103101246421E-01,
    -5.7290119710474963E-01,
    -5.7291079954755442E-01,
    -5.7291441347009864E-01,
    -5.7291094062746817E-01,
    -5.7291102210209299E-01,
    -5.7291070916560760E-01,
    -7.5332939056499782E+01,
    -7.5332923936296055E+01,
    -7.5332928142784041E+01,
    -7.5332909591060314E+01,
    -7.5332917453619729E+01,
    -7.5332910619836909E+01,
    -7.5332906539950557E+01,
    -7.5332896272092114E+01,
    -7.5332402304803026E+01,
    -7.5332382974671845E+01,
    -7.5332402382521295E+01,
    -7.5332389822219369E+01,
    -7.5332379596241424E+01,
    -7.5332361282657544E+01,
    -7.5332379673085583E+01,
    -7.5332368129522933E+01,
    -7.5331870264639491E+01,
    -7.5331861583154478E+01,
    -7.5331859355879885E+01,
    -7.5331851746500206E+01,
    -7.5331847458644106E+01,
    -7.5331835488356958E+01,
    -7.5331836549887740E+01,
    -7.5331825652198205E+01,
    -7.5331701363966246E+01,
    -7.5331687094034464E+01,
    -7.5331694189192632E+01,
    -7.5331680167356637E+01,
    -7.5331678620922943E+01,
    -7.5331664217404466E+01,
    -7.5331671445644972E+01,
    -7.5331657290231604E+01,
    -7.5331162782158501E+01,
    -7.5331148544606322E+01,
    -7.5331147869551970E+01,
    -7.5331133528083313E+01,
    -7.5331144506864774E+01,
    -7.5331130081308899E+01,
    -7.5331129596992483E+01,
    -7.5331115067501386E+01,
    -7.5327122650290036E+01,
    -7.5327090908824815E+01,
    -7.5327104923287521E+01,
    -7.5327079981216329E+01,
    -7.5327101347574583E+01,
    -7.5327068282647332E+01,
    -7.5327083620438515E+01,
    -7.5327057354989336E+01,
    -7.5326578517841696E+01,
    -7.5326547611257737E+01,
    -7.5326569198461556E+01,
    -7.5326536935212616E+01,
    -7.5326545604478184E+01,
    -7.5326524384688383E+01,
    -7.5326536285432141E+01,
    -7.5326513708669296E+01,
    -7.5327197322444746E+01,
    -7.5327182934129596E+01,
    -7.5327198442123262E+01,
    -7.5327184477534516E+01,
    -7.5327182436572386E+01,
    -7.5327167769787820E+01,
    -7.5327183555618404E+01,
    -7.5327169312598429E+01,
    -7.5326536573747788E+01,
    -7.5326522279033455E+01,
    -7.5326518564744617E+01,
    -7.5326504476397616E+01,
    -7.5326513324162079E+01,
    -7.5326499243735711E+01,
    -7.5326495315058921E+01,
    -7.5326481440970596E+01,
    -7.5325982092838018E+01,
    -7.5325967493036700E+01,
    -7.5325971420186960E+01,
    -7.5325957037416032E+01,
    -7.5325970102180960E+01,
    -7.5325955895562672E+01,
    -7.5325959429169927E+01,
    -7.5325945439626153E+01,
    -7.5326336817954584E+01,
