{
  "version":  "0.5.0",
  "energy":    -7.3402504987234670E+03,
  "energies": [
    -5.7185671982393782E-01,
    -5.7184920646993054E-01,
    -5.7185578677995863E-01,
    -5.7184827342125388E-01,
    -5.7185919833557153E-01,
    -5.7185168507523820E-01,
    -5.7185826528757089E-01,
    -5.7185075202254387E-01,
    -5.7080899120650286E-01,
    -5.7081017241568732E-01,
    -5.7081407555296182E-01,
    -5.7081525675243427E-01,
    -5.7081172094511035E-01,
    -5.7081290217589009E-01,
    -5.7081680524671419E-01,
    -5.7081798646778192E-01,
    -5.7125528254189628E-01,
    -5.7125503200363970E-01,
    -5.7125605046719685E-01,
    -5.7125579991795561E-01,
    -5.7125552627689768E-01,
    -5.7125527573481816E-01,
    -5.7125629418554480E-01,
    -5.7125604363247706E-01,
    -5.6814770788246260E-01,
    -5.6815072272736877E-01,
    -5.6814977518673837E-01,
    -5.6815278999972796E-01,
    -5.6814752160524584E-01,
    -5.6815053644723135E-01,
    -5.6814958889247080E-01,
    -5.6815260370254006E-01,
    -5.7185645676695518E-01,
    -5.7185552306392862E-01,
    -5.7185893500936302E-01,
    -5.7185800130230291E-01,
    -5.7184894485573290E-01,
    -5.7184801114800765E-01,
    -5.7185142319178861E-01,
    -5.7185048948002604E-01,
    -5.7080965982035259E-01,
    -5.7081474808958443E-01,
    -5.7081239054865529E-01,
    -5.7081747877297340E-01,
    -5.7081084084498923E-01,
    -5.7081592910449663E-01,
    -5.7081357159487378E-01,
    -5.7081865980947155E-01,
    -5.7125696878428167E-01,
    -5.7125773682360903E-01,
    -5.7125721231014392E-01,
    -5.7125798033280395E-01,
    -5.7125671890258067E-01,
    -5.7125748693092271E-01,
    -5.7125696242461477E-01,
    -5.7125773043629147E-01,
    -5.6814457983595346E-01,
    -5.6814664919291058E-01,
    -5.6814439366406766E-01,
    -5.6814646300395732E-01,
    -5.6814759062750031E-01,
    -5.6814965995254985E-01,
    -5.6814740445269163E-01,
    -5.6814947376067049E-01,
    -5.7185573045095905E-01,
    -5.7185821007269089E-01,
    -5.7184821747912062E-01,
    -5.7185069719456350E-01,
    -5.7185479659364558E-01,
    -5.7185727621132898E-01,
    -5.7184728361710679E-01,
    -5.7184976332850224E-01,
    -5.7080890426519071E-01,
    -5.7081163527603440E-01,
    -5.7081008545855294E-01,
    -5.7081281649099558E-01,
    -5.7081399320894177E-01,
    -5.7081672417484619E-01,
    -5.7081517439259111E-01,
    -5.7081790538009525E-01,
    -5.7125585929466205E-01,
    -5.7125610287452744E-01,
    -5.7125560905464590E-01,
    -5.7125585263068457E-01,
    -5.7125662784858544E-01,
    -5.7125687141178416E-01,
    -5.7125637759758430E-01,
    -5.7125662115695630E-01,
    -5.6814632934470533E-01,
    -5.6814614308512157E-01,
    -5.6814934204067935E-01,
    -5.6814915577817016E-01,
    -5.6814839929716721E-01,
    -5.6814821302052088E-01,
    -5.6815141196120855E-01,
    -5.6815122568163767E-01,
    -5.7185080045482373E-01,
    -5.7185831377825902E-01,
    -5.7185173351833407E-01,
    -5.7185924683706824E-01,
    -5.7184832184944057E-01,
    -5.7185583526655159E-01,
    -5.7184925490893079E-01,
    -5.7185676832134025E-01,
    -5.7081803640342788E-01,
    -5.7081685517179115E-01,
    -5.7081295207273619E-01,
    -5.7081177083138790E-01,
    -5.7081530669244507E-01,
    -5.7081412548240751E-01,
    -5.7081022231689871E-01,
    -5.7080904109714747E-01,
    -5.7125604060738200E-01,
    -5.7125629115855681E-01,
    -5.7125527270494791E-01,
    -5.7125552324513862E-01,
    -5.7125579689197381E-01,
    -5.7125604743932301E-01,
    -5.7125502897288449E-01,
    -5.7125527950925004E-01,
    -5.6815257682441123E-01,
    -5.6814956203242439E-01,
    -5.6815050955507362E-01,
    -5.6814749473117265E-01,
    -5.6815276312114293E-01,
    -5.6814974832623610E-01,
    -5.6815069583475442E-01,
    -5.6814768100793023E-01,
    -5.7185048915588466E-01,
    -5.7185142287195057E-01,
    -5.7184801083672931E-01,
    -5.7184894454875812E-01,
    -5.7185800095836892E-01,
    -5.7185893466973081E-01,
    -5.7185552273285922E-01,
    -5.7185645644018657E-01,
    -5.7081865509039498E-01,
    -5.7081356683338236E-01,
    -5.7081592436550221E-01,
    -5.7081083606357708E-01,
    -5.7081747405350658E-01,
    -5.7081238578677451E-01,
    -5.7081474335019855E-01,
    -5.7080965503855363E-01,
    -5.7125771554768978E-01,
    -5.7125694752567580E-01,
    -5.7125747204908839E-01,
    -5.7125670401040940E-01,
    -5.7125796544209584E-01,
    -5.7125719740910175E-01,
    -5.7125772193966928E-01,
    -5.7125695389000930E-01,
    -5.6814945130426464E-01,
    -5.6814738198562764E-01,
    -5.6814963750011704E-01,
    -5.6814756816441514E-01,
    -5.6814644056970465E-01,
    -5.6814437121915884E-01,
    -5.6814662676263583E-01,
    -5.6814455739502412E-01,
    -5.7184977700541595E-01,
    -5.7184729731115302E-01,
    -5.7185728988132301E-01,
    -5.7185481028077001E-01,
    -5.7185071086795758E-01,
    -5.7184823116964945E-01,
    -5.7185822373916562E-01,
    -5.7185574413456453E-01,
    -5.7081791529503723E-01,
    -5.7081518432933087E-01,
    -5.7081673410013778E-01,
    -5.7081400315603503E-01,
    -5.7081282640292341E-01,
    -5.7081009539228234E-01,
    -5.7081164519831229E-01,
    -5.7080891420927016E-01,
    -5.7125664573112789E-01,
    -5.7125640217134255E-01,
    -5.7125689599070695E-01,
    -5.7125665242709422E-01,
    -5.7125587720372339E-01,
    -5.7125563362726894E-01,
    -5.7125612745231591E-01,
    -5.7125588387203419E-01,
    -5.6815125092295227E-01,
    -5.6815143720213068E-01,
    -5.6814823824853122E-01,
    -5.6814842452478387E-01,
    -5.6814918101734435E-01,
    -5.6814936727945442E-01,
    -5.6814616831098597E-01,
    -5.6814635457017582E-01,
    -7.5325521571516546E+01,
    -7.5325509636306961E+01,
    -7.5325486897292123E+01,
    -7.5325474961948203E+01,
    -7.5325410204803489E+01,
    -7.5325398269676526E+01,
    -7.5325375532112645E+01,
    -7.5325363596851332E+01,
    -7.5323242759345717E+01,
    -7.5323221475819963E+01,
    -7.5323211235413254E+01,
    -7.5323189952392156E+01,
    -7.5323135953916776E+01,
    -7.5323114670552243E+01,
    -7.5323104430670753E+01,
    -7.5323083147810905E+01,
    -7.5323929625496319E+01,
    -7.5323906267060607E+01,
    -7.5323895963716353E+01,
    -7.5323872606309720E+01,
    -7.5323828698911171E+01,
    -7.5323805340421686E+01,
    -7.5323795037638860E+01,
    -7.5323771680178453E+01,
    -7.5321356138975560E+01,
    -7.5321335852541068E+01,
    -7.5321326423032048E+01,
    -7.5321306137032778E+01,
    -7.5321246541463537E+01,
    -7.5321226255755874E+01,
    -7.5321216825710991E+01,
    -7.5321196540438592E+01,
    -7.5322030426242051E+01,
    -7.5322008108320830E+01,
    -7.5322007166979560E+01,
    -7.5321984849319350E+01,
    -7.5321918081201687E+01,
    -7.5321895764735032E+01,
    -7.5321894821706692E+01,
    -7.5321872505501020E+01,
    -7.5319778397460581E+01,
    -7.5319759907430409E+01,
    -7.5319745880100399E+01,
    -7.5319727390190494E+01,
    -7.5319669830741134E+01,
    -7.5319651341176311E+01,
    -7.5319637314149020E+01,
    -7.5319618824704477E+01,
    -7.5320215230090810E+01,
    -7.5320189648842074E+01,
    -7.5320189726274165E+01,
    -7.5320164145217660E+01,
    -7.5320110983096328E+01,
    -7.5320085401470180E+01,
    -7.5320085478126799E+01,
    -7.5320059896692854E+01,
    -7.5317915255867277E+01,
    -7.5317899282336342E+01,
    -7.5317887012215067E+01,
    -7.5317871038317719E+01,
    -7.5317808193556885E+01,
    -7.5317792219870213E+01,
    -7.5317779949253250E+01,
    -7.5317763975200180E+01,
    -7.5318623200539903E+01,
    -7.5318609008482255E+01,
    -7.5318596592227820E+01,
    -7.5318582399522441E+01,
    -7.5318508639113659E+01,
    -7.5318494447167467E+01,
    -7.5318482029998606E+01,
    -7.5318467837404697E+01,
    -7.5316028558765694E+01,
    -7.5316011533070309E+01,
    -7.5315998566499815E+01,
    -7.5315981540404294E+01,
    -7.5315924286584220E+01,
    -7.5315907260300648E+01,
    -7.5315894294132832E+01,
    -7.5315877267449139E+01,
    -7.5316724163008232E+01,
