{
  "version":  "0.5.0",
  "energy":    -4.8956690232761293E+03,
  "energies": [
    -5.6608925536753840E-01,
    -5.6608935256479043E-01,
    -5.6608930639109800E-01,
    -5.6608940360067428E-01,
    -5.6608927524110464E-01,
    -5.6608945572151925E-01,
    -5.6608932626086295E-01,
    -5.6608950675360614E-01,
    -5.6608951295040788E-01,
    -5.6608950216029352E-01,
    -5.6608993678587627E-01,
    -5.6608992599640617E-01,
    -5.6608941474944630E-01,
    -5.6608941768648480E-01,
    -5.6608983859424944E-01,
    -5.6608984153194064E-01,
    -5.6608994678321845E-01,
    -5.6608994195013440E-01,
    -5.6608984489526137E-01,
    -5.6608984006253249E-01,
    -5.6608952340671370E-01,
    -5.6608951660810980E-01,
    -5.6608942150938490E-01,
    -5.6608941471117236E-01,
    -5.6608941545391134E-01,
    -5.6608978956241041E-01,
    -5.6608951735088431E-01,
    -5.6608989145704447E-01,
    -5.6608984072259705E-01,
    -5.6608978709817770E-01,
    -5.6608994261023327E-01,
    -5.6608988898361035E-01,
    -5.6608944469911726E-01,
    -5.6608945548918665E-01,
    -5.6608949573106182E-01,
    -5.6608950652140466E-01,
    -5.6608936022176737E-01,
    -5.6608935728469090E-01,
    -5.6608941125752599E-01,
    -5.6608940832070775E-01,
    -5.6608992599640684E-01,
    -5.6608993678587549E-01,
    -5.6608950216029486E-01,
    -5.6608951295040721E-01,
    -5.6608984153194031E-01,
    -5.6608983859424833E-01,
    -5.6608941768648724E-01,
    -5.6608941474944630E-01,
    -5.6608989145704425E-01,
    -5.6608951735088420E-01,
    -5.6608978956241041E-01,
    -5.6608941545391045E-01,
    -5.6608988898361223E-01,
    -5.6608994261023349E-01,
    -5.6608978709817959E-01,
    -5.6608984072259749E-01,
    -5.6608984006253305E-01,
    -5.6608984489525971E-01,
    -5.6608994195013507E-01,
    -5.6608994678321756E-01,
    -5.6608941471117147E-01,
    -5.6608942150938524E-01,
    -5.6608951660811124E-01,
    -5.6608952340671315E-01,
    -5.6608988682162176E-01,
    -5.6608951050249301E-01,
    -5.6608978492723816E-01,
    -5.6608940860578005E-01,
    -5.6608991382662011E-01,
    -5.6608946162521379E-01,
    -5.6608981192839936E-01,
    -5.6608935972470764E-01,
    -5.6608940860578183E-01,
    -5.6608978492723838E-01,
    -5.6608951050249467E-01,
    -5.6608988682162109E-01,
    -5.6608935972470742E-01,
    -5.6608981192839836E-01,
    -5.6608946162521445E-01,
    -5.6608991382661877E-01,
    -5.6608973665904694E-01,
    -5.6608983387432399E-01,
    -5.6608931281993180E-01,
    -5.6608941002942992E-01,
    -5.6608975651982762E-01,
    -5.6608993701817945E-01,
    -5.6608933268995221E-01,
    -5.6608951318262113E-01,
    -5.6608945158059010E-01,
    -5.6608945337598515E-01,
    -5.6608934967975710E-01,
    -5.6608935147551276E-01,
    -5.6608952301702375E-01,
    -5.6608951317066492E-01,
    -5.6608942111996274E-01,
    -5.6608941127398960E-01,
    -5.6608935147551276E-01,
    -5.6608934967975555E-01,
    -5.6608945337598593E-01,
    -5.6608945158059021E-01,
    -5.6608941127399104E-01,
    -5.6608942111996241E-01,
    -5.6608951317066647E-01,
    -5.6608952301702320E-01,
    -5.6608950652140722E-01,
    -5.6608949573106193E-01,
    -5.6608945548918743E-01,
    -5.6608944469911870E-01,
    -5.6608940832070764E-01,
    -5.6608941125752488E-01,
    -5.6608935728469190E-01,
    -5.6608936022176826E-01,
    -5.6608941002943003E-01,
    -5.6608931281993058E-01,
    -5.6608983387432354E-01,
    -5.6608973665904594E-01,
    -5.6608951318262291E-01,
    -5.6608933268995054E-01,
    -5.6608993701817911E-01,
    -5.6608975651982452E-01,
    -5.6608940360067594E-01,
    -5.6608930639109956E-01,
    -5.6608935256479231E-01,
    -5.6608925536753796E-01,
    -5.6608950675360692E-01,
    -5.6608932626086250E-01,
    -5.6608945572151914E-01,
    -5.6608927524110353E-01,
    -7.5369011772839841E+01,
    -7.5368976556568967E+01,
    -7.5368760783203442E+01,
    -7.5368725567212650E+01,
    -7.5368670112961482E+01,
    -7.5368634802816331E+01,
    -7.5368419123175201E+01,
    -7.5368383813614770E+01,
    -7.5367072568470689E+01,
    -7.5367037467730711E+01,
    -7.5366821360659202E+01,
    -7.5366786259893701E+01,
    -7.5366731290933402E+01,
    -7.5366696199229295E+01,
    -7.5366480082636073E+01,
    -7.5366444990928230E+01,
    -7.5366120843415374E+01,
    -7.5366085003817972E+01,
    -7.5365869366672044E+01,
    -7.5365833527382904E+01,
    -7.5365778870062670E+01,
    -7.5365743372357898E+01,
    -7.5365527393784689E+01,
    -7.5365491896230424E+01,
    -7.5363917937919936E+01,
    -7.5363882843847492E+01,
    -7.5363666947549063E+01,
    -7.5363631853462067E+01,
    -7.5363576420114157E+01,
    -7.5363541349406006E+01,
    -7.5363325429271086E+01,
    -7.5363290358555545E+01,
    -7.5361112327124204E+01,
    -7.5361077973533213E+01,
    -7.5360861114607019E+01,
    -7.5360826760717615E+01,
    -7.5360770694801019E+01,
    -7.5360736001455493E+01,
    -7.5360519481943129E+01,
    -7.5360484788455892E+01,
    -7.5360913717191750E+01,
    -7.5360878629495971E+01,
    -7.5360662244709246E+01,
    -7.5360627157036447E+01,
    -7.5360572445615176E+01,
    -7.5360537349307933E+01,
    -7.5360320973299466E+01,
    -7.5360285876993373E+01,
    -7.5358642294164099E+01,
    -7.5358607200519344E+01,
    -7.5358390600459899E+01,
    -7.5358355506828488E+01,
    -7.5358300795574536E+01,
    -7.5358265677971062E+01,
    -7.5358049101691506E+01,
    -7.5358013984094242E+01,
    -7.5356915320574160E+01,
    -7.5356880338735920E+01,
    -7.5356663627410569E+01,
    -7.5356628645290925E+01,
    -7.5356573574701045E+01,
    -7.5356538677703156E+01,
    -7.5356321881996905E+01,
    -7.5356286984412080E+01
  ]
}
