{
  "version":  "0.5.0",
  "energy":    -7.2305578494296860E+03,
  "energies": [
    -6.0015369732648316E-01,
    -6.0015474645500833E-01,
    -6.0015163799635252E-01,
    -6.0013690074083703E-01,
    -6.0015428215861888E-01,
    -6.0036518349114132E-01,
    -6.0013855130856308E-01,
    -6.0033381228459559E-01,
    -6.0015521532859162E-01,
    -6.0036771224597119E-01,
    -6.0013932914188395E-01,
    -6.0033618164042479E-01,
    -6.0015374403554611E-01,
    -6.0036466484017170E-01,
    -6.0013801459788763E-01,
    -6.0033329606824959E-01,
    -6.0015480560216183E-01,
    -6.0036578420427500E-01,
    -6.0013906001786688E-01,
    -6.0033439716139503E-01,
    -6.0015329471492773E-01,
    -6.0036415591080883E-01,
    -6.0013756476206936E-01,
    -6.0033279186939215E-01,
    -6.0015157375616079E-01,
    -6.0013570716976639E-01,
    -6.0015288395894817E-01,
    -6.0013689077283860E-01,
    -6.0013835268664584E-01,
    -6.0033247984404314E-01,
    -6.0013979448610311E-01,
    -6.0033381187077217E-01,
    -6.0013904191959488E-01,
    -6.0033475991925178E-01,
    -6.0014069009553395E-01,
    -6.0033629932350463E-01,
    -6.0013784168595630E-01,
    -6.0033198942377486E-01,
    -6.0013922812445064E-01,
    -6.0033326589680336E-01,
    -6.0013883536355839E-01,
    -6.0033303859703291E-01,
    -6.0014033680287615E-01,
    -6.0033443041509371E-01,
    -6.0013746993307016E-01,
    -6.0033156359828332E-01,
    -6.0013856879254146E-01,
    -6.0033255177793987E-01,
    -6.0013943846578610E-01,
    -6.0033342762380204E-01,
    -6.0014103233072513E-01,
    -6.0033664609358905E-01,
    -6.0013764245545120E-01,
    -6.0033293873723270E-01,
    -6.0013882433374865E-01,
    -6.0033574420354796E-01,
    -6.0013864022245977E-01,
    -6.0033392446756817E-01,
    -6.0013993689784917E-01,
    -6.0033684503484841E-01,
    -6.0013781188114845E-01,
    -6.0033191180756562E-01,
    -6.0013885648895571E-01,
    -6.0033457912818766E-01,
    -6.0013811603060696E-01,
    -6.0033346032816359E-01,
    -6.0013935567973198E-01,
    -6.0033632369768697E-01,
    -6.0015390483649755E-01,
    -6.0036477070083272E-01,
    -6.0015529595905737E-01,
    -6.0036779486729164E-01,
    -6.0014037619284821E-01,
    -6.0033449923259763E-01,
    -6.0015348978569183E-01,
    -6.0013749723647736E-01,
    -6.0013830757933506E-01,
    -6.0033373717749983E-01,
    -6.0015142343058403E-01,
    -6.0013675331206984E-01,
    -6.0013936675861923E-01,
    -6.0033478445892197E-01,
    -6.0015247002278915E-01,
    -6.0013778325996547E-01,
    -6.0013840047410216E-01,
    -6.0033263342920040E-01,
    -6.0015165395461278E-01,
    -6.0013579041506027E-01,
    -6.0013881304018468E-01,
    -6.0033429070445321E-01,
    -6.0015191565756432E-01,
    -6.0013729127747739E-01,
    -6.0015461189144792E-01,
    -6.0036561698503699E-01,
    -6.0015404365948899E-01,
    -6.0015509254882371E-01,
    -6.0030628083091797E-01,
    -6.0032019618735166E-01,
    -6.0031246980863506E-01,
    -6.0032422225547777E-01,
    -6.0030263909503145E-01,
    -6.0033138025441968E-01,
    -6.0030769350141022E-01,
    -6.0033428127423383E-01,
    -6.0030386412064318E-01,
    -6.0033235211029823E-01,
    -6.0030902662878571E-01,
    -6.0033536143723221E-01,
    -6.0030223724169118E-01,
    -6.0033079288875013E-01,
    -6.0030721924066166E-01,
    -6.0033362135993595E-01,
    -6.0030316118065508E-01,
    -6.0033189353689265E-01,
    -6.0030824764688007E-01,
    -6.0033482663651960E-01,
    -6.0029910880647019E-01,
    -6.0032972343952695E-01,
    -6.0030334591403811E-01,
    -6.0033182631588633E-01,
    -6.0031143418835298E-01,
    -6.0032324746323618E-01,
    -6.0031666065799505E-01,
    -6.0031383070281652E-01,
    -6.0030677974386359E-01,
    -6.0033342827946079E-01,
    -6.0031137160108794E-01,
    -6.0032338246776196E-01,
    -6.0030802454803478E-01,
    -6.0033442017112715E-01,
    -6.0031273769325033E-01,
    -6.0032449545433364E-01,
    -6.0030635896997075E-01,
    -6.0033282185952630E-01,
    -6.0031088319543247E-01,
    -6.0032270820802835E-01,
    -6.0030730445348368E-01,
    -6.0033394421202901E-01,
    -6.0031192659313304E-01,
    -6.0032392872385520E-01,
    -6.0030250490084258E-01,
    -6.0033104643188107E-01,
    -6.0030601676933815E-01,
    -6.0031992978701343E-01,
    -6.0030927717532023E-01,
    -6.0032312865048976E-01,
    -6.0030996191374175E-01,
    -6.0032236550847062E-01,
    -6.0030646072419802E-01,
    -6.0033441723793357E-01,
    -6.0030602407905365E-01,
    -6.0033254283613302E-01,
    -6.0030762226207035E-01,
    -6.0033524392310189E-01,
    -6.0030728530933197E-01,
    -6.0033346926461351E-01,
    -6.0030602735160465E-01,
    -6.0033392436879118E-01,
    -6.0030550414642048E-01,
    -6.0033196373054798E-01,
    -6.0030697535819921E-01,
    -6.0033492658188559E-01,
    -6.0030656845047503E-01,
    -6.0033308189340362E-01,
    -6.0030801474041928E-01,
    -6.0033706386797248E-01,
    -6.0030710619314676E-01,
    -6.0033472420828615E-01,
    -6.0030894730647089E-01,
    -6.0032162216626184E-01,
    -6.0031325435104455E-01,
    -6.0031186572851158E-01,
    -6.0030512029958427E-01,
    -6.0033191047945433E-01,
    -6.0030894721441186E-01,
    -6.0032168871806535E-01,
    -6.0030629494028742E-01,
    -6.0033275031962496E-01,
    -6.0031023402166650E-01,
    -6.0032264063348129E-01,
    -6.0030465684888579E-01,
    -6.0033138779547823E-01,
    -6.0030840872748370E-01,
    -6.0032109077967333E-01,
    -6.0030563506404888E-01,
    -6.0033241994026809E-01,
    -6.0030949507521780E-01,
    -6.0032223129027684E-01,
    -6.0030628856994317E-01,
    -6.0033417775909204E-01,
    -6.0030901436168127E-01,
    -6.0032286519443012E-01,
    -7.4121702626130187E+01,
    -7.4121276894395294E+01,
    -7.4121432999263490E+01,
    -7.4121228979287054E+01,
    -7.4121912876869359E+01,
    -7.4121266982987137E+01,
    -7.4121651317280197E+01,
    -7.4121225786263778E+01,
    -7.4121231191905423E+01,
    -7.4120808894166757E+01,
    -7.4120961538603495E+01,
    -7.4120761101285353E+01,
    -7.4121231972548429E+01,
    -7.4120806360511679E+01,
    -7.4120962123800354E+01,
    -7.4120758375638516E+01,
    -7.4120766318228917E+01,
    -7.4120341108592299E+01,
    -7.4120496250819926E+01,
    -7.4120293056913397E+01,
    -7.4120764630475634E+01,
    -7.4120339277342183E+01,
    -7.4120494738811004E+01,
    -7.4120291396853347E+01,
    -7.4120117516727973E+01,
    -7.4119914220018188E+01,
    -7.4120066414674483E+01,
    -7.4119866338542764E+01,
    -7.4120336208835454E+01,
    -7.4119911006339180E+01,
    -7.4120285110405860E+01,
    -7.4119863113567675E+01,
    -7.4119646359972336E+01,
    -7.4119446625551902E+01,
    -7.4119594744257711E+01,
    -7.4119398220798047E+01,
    -7.4119646576096315E+01,
    -7.4119443556337302E+01,
    -7.4119595598924434E+01,
    -7.4119395789252152E+01,
    -7.4119180810724657E+01,
    -7.4118978348201352E+01,
    -7.4119129608477934E+01,
    -7.4118930346085307E+01,
    -7.4119179021219907E+01,
    -7.4118976415678929E+01,
    -7.4119128438833755E+01,
    -7.4118929032009646E+01,
    -7.4116807566267326E+01,
    -7.4116123001083608E+01,
    -7.4116782276441725E+01,
    -7.4116071741876993E+01,
    -7.4116808362772275E+01,
    -7.4116104843529811E+01,
    -7.4116782829800101E+01,
    -7.4116053290869203E+01,
    -7.4116343014943354E+01,
    -7.4115638864048179E+01,
    -7.4116317330346774E+01,
    -7.4115587159509502E+01,
    -7.4116341426397184E+01,
    -7.4115638214549278E+01,
    -7.4116316099793721E+01,
    -7.4115586868788853E+01,
    -7.4115876375411219E+01,
    -7.4115172073538560E+01,
    -7.4115850861566145E+01,
    -7.4115120541168608E+01,
    -7.4115850245500539E+01,
    -7.4115171737289927E+01,
    -7.4115825312220466E+01,
    -7.4115120778427595E+01,
    -7.4115467754565415E+01,
    -7.4114757621028531E+01,
    -7.4115415658881602E+01,
    -7.4114724268524952E+01,
    -7.4115468115181102E+01,
    -7.4114738483174506E+01,
    -7.4115416800328560E+01,
    -7.4114705891844679E+01,
    -7.4115002816102844E+01,
