{
  "version":  "0.5.0",
  "energy":    -9.7875512282285144E+03,
  "energies": [
    -5.6938739214587442E-01,
    -5.6939338733687073E-01,
    -5.6938595772377509E-01,
    -5.6939195290326372E-01,
    -5.6938554295729338E-01,
    -5.6939153818099086E-01,
    -5.6938410875674050E-01,
    -5.6939010396893042E-01,
    -5.6989570887112317E-01,
    -5.6989421700955045E-01,
    -5.6990208343260540E-01,
    -5.6990059159826134E-01,
    -5.6988890100112932E-01,
    -5.6988740912641433E-01,
    -5.6989527577536947E-01,
    -5.6989378392789070E-01,
    -5.6702306976642847E-01,
    -5.6702252531934982E-01,
    -5.6701885781885097E-01,
    -5.6701831342586295E-01,
    -5.6710382083554844E-01,
    -5.6710327676582328E-01,
    -5.6709961215198901E-01,
    -5.6709906813626454E-01,
    -5.7168797188209497E-01,
    -5.7168741931676603E-01,
    -5.7168408339880739E-01,
    -5.7168353086766777E-01,
    -5.7168527041804329E-01,
    -5.7168471784505936E-01,
    -5.7168138185205430E-01,
    -5.7168082931325381E-01,
    -5.7126175700017912E-01,
    -5.7126815556733457E-01,
    -5.7125577536410455E-01,
    -5.7126217418134173E-01,
    -5.7123648563716578E-01,
    -5.7124288437410653E-01,
    -5.7123050417967547E-01,
    -5.7123690316658171E-01,
    -5.6820197820994578E-01,
    -5.6819832456512576E-01,
    -5.6828632294904435E-01,
    -5.6828267186335990E-01,
    -5.6819699949109548E-01,
    -5.6819334580886316E-01,
    -5.6828134869918434E-01,
    -5.6827769757602298E-01,
    -5.6929600895249055E-01,
    -5.6929530309665466E-01,
    -5.6929437308685038E-01,
    -5.6929366728782071E-01,
    -5.6937743789671125E-01,
    -5.6937673395998167E-01,
    -5.6937581108980795E-01,
    -5.6937510720977058E-01,
    -5.7168025090985719E-01,
    -5.7167734474843557E-01,
    -5.7167362270565514E-01,
    -5.7167071670455238E-01,
    -5.7164789551180928E-01,
    -5.7164498924260543E-01,
    -5.7164126737497900E-01,
    -5.7163836126597312E-01,
    -5.6929549896583242E-01,
    -5.6929783518958599E-01,
    -5.6929535468818349E-01,
    -5.6929769096693772E-01,
    -5.6929204119742449E-01,
    -5.6929437749094114E-01,
    -5.6929189701311989E-01,
    -5.6929423336164675E-01,
    -5.6710214696977113E-01,
    -5.6710408716704153E-01,
    -5.6709820138112088E-01,
    -5.6710014154846988E-01,
    -5.6710028190944495E-01,
    -5.6710222222503859E-01,
    -5.6709633622921807E-01,
    -5.6709827651489475E-01,
    -5.7404460296252224E-01,
    -5.7404985280387999E-01,
    -5.7404277443539931E-01,
    -5.7404802429432877E-01,
    -5.7404464748905970E-01,
    -5.7404989739856105E-01,
    -5.7404281914844013E-01,
    -5.7404806907551142E-01,
    -5.6978333558882777E-01,
    -5.6978368243297195E-01,
    -5.6986399060008786E-01,
    -5.6986433789396507E-01,
    -5.6977888643772134E-01,
    -5.6977923325585467E-01,
    -5.6985954771219693E-01,
    -5.6985989498010725E-01,
    -5.6989452643653316E-01,
    -5.6989414095508506E-01,
    -5.6988728923543774E-01,
    -5.6988690364728201E-01,
    -5.6988963307226281E-01,
    -5.6988924756583970E-01,
    -5.6988239586973055E-01,
    -5.6988201025660135E-01,
    -5.7379417747685868E-01,
    -5.7379361402462947E-01,
    -5.7381049907326898E-01,
    -5.7380993567117777E-01,
    -5.7378106324423250E-01,
    -5.7378049975995227E-01,
    -5.7379738455239782E-01,
    -5.7379682111824737E-01,
    -5.7169270185155296E-01,
    -5.7169207737351313E-01,
    -5.7166849321752045E-01,
    -5.7166786875190212E-01,
    -5.7169934446570392E-01,
    -5.7169871999669586E-01,
    -5.7167513561379646E-01,
    -5.7167451115721024E-01,
    -5.6918010655532059E-01,
    -5.6918338145702652E-01,
    -5.6917543501265333E-01,
    -5.6917871010074661E-01,
    -5.6917454001483214E-01,
    -5.6917781505907461E-01,
    -5.6916986848547135E-01,
    -5.6917314371609784E-01,
    -5.7157618390790477E-01,
    -5.7157568186753138E-01,
    -5.7154455834102857E-01,
    -5.7154405631318372E-01,
    -5.7157329172293536E-01,
    -5.7157278969002612E-01,
    -5.7154166546987917E-01,
    -5.7154116344949213E-01,
    -5.6917468589657672E-01,
    -5.6917402841964404E-01,
    -5.6917330952599776E-01,
    -5.6917265204052303E-01,
    -5.6918017674862820E-01,
    -5.6917951928581079E-01,
    -5.6917880062925119E-01,
    -5.6917814315789461E-01,
    -5.6938897267513366E-01,
    -5.6938834166646946E-01,
    -5.6939195077519633E-01,
    -5.6939131970460433E-01,
    -5.6938554262599150E-01,
    -5.6938491159601357E-01,
    -5.6938852098888704E-01,
    -5.6938788989699518E-01,
    -5.7428303484756482E-01,
    -5.7428248578401608E-01,
    -5.7427917220226232E-01,
    -5.7427862315176692E-01,
    -5.7426633953863437E-01,
    -5.7426579045831805E-01,
    -5.7426247687049004E-01,
    -5.7426192780322605E-01,
    -5.7169852173485569E-01,
    -5.7170422974942592E-01,
    -5.7169397473407313E-01,
    -5.7169968279807426E-01,
    -5.7169347888459709E-01,
    -5.7169918692546629E-01,
    -5.7168893173121604E-01,
    -5.7169463982151736E-01,
    -5.7426952353593497E-01,
    -5.7427294671695484E-01,
    -5.7426413552767952E-01,
    -5.7426755884455372E-01,
    -5.7426484076273066E-01,
    -5.7426826409149434E-01,
    -5.7425945275567736E-01,
    -5.7426287622029459E-01,
    -5.6978601649776206E-01,
    -5.6978529607991180E-01,
    -5.6978391195379741E-01,
    -5.6978319155286894E-01,
    -5.6978487366597974E-01,
    -5.6978415326057985E-01,
    -5.6978276913331505E-01,
    -5.6978204874483862E-01,
    -5.6828268961699657E-01,
    -5.6828221229061360E-01,
    -5.6828471637981737E-01,
    -5.6828423907144210E-01,
    -5.6827875284725515E-01,
    -5.6827827551076238E-01,
    -5.6828077957769418E-01,
    -5.6828030225921111E-01,
    -5.7380101140759887E-01,
    -5.7380008099034752E-01,
    -5.7380703360097884E-01,
    -5.7380610322240300E-01,
    -5.7379876059652324E-01,
    -5.7379783022003006E-01,
    -5.7380478284559622E-01,
    -5.7380385250776822E-01,
    -5.7157423990690859E-01,
    -5.7157897833740923E-01,
    -5.7157365112882974E-01,
    -5.7157838963945740E-01,
    -5.7157321424932228E-01,
    -5.7157795267809008E-01,
    -5.7157262550637455E-01,
    -5.7157736401526338E-01,
    -5.7126057869393854E-01,
    -5.7125989270368804E-01,
    -5.7125637953689568E-01,
    -5.7125569356346506E-01,
    -5.7125722025578807E-01,
    -5.7125653422850764E-01,
    -5.7125302076933959E-01,
    -5.7125233475889325E-01,
    -5.7403291848656901E-01,
    -5.7403217564468578E-01,
    -5.7402431520015051E-01,
    -5.7402357239516866E-01,
    -5.7405018669351404E-01,
    -5.7404944390419443E-01,
    -5.7404158377761538E-01,
    -5.7404084102518083E-01,
    -5.7167350095033687E-01,
    -5.7167292869355757E-01,
    -5.7167342914450192E-01,
    -5.7167285692237990E-01,
    -5.7168328826612613E-01,
    -5.7168271603715659E-01,
    -5.7168321648150011E-01,
    -5.7168264428719162E-01,
    -5.7171032212449213E-01,
    -5.7171072265419776E-01,
    -5.7168703974528867E-01,
    -5.7168744029701890E-01,
    -5.7170563139373187E-01,
    -5.7170603197689907E-01,
    -5.7168234893813596E-01,
    -5.7168274954331322E-01,
    -5.5805497057557252E-01,
    -5.5805720637635481E-01,
    -5.5806454034539721E-01,
    -5.5806677629655566E-01,
    -5.5805922614208292E-01,
    -5.5806146208368923E-01,
    -5.5806879595726433E-01,
    -5.5807103204924102E-01,
    -5.5807418829110278E-01,
    -5.5807366539577719E-01,
    -5.5807346181160933E-01,
    -5.5807293894779453E-01,
    -5.5807227195079778E-01,
    -5.5807174903860413E-01,
    -5.5807154556112970E-01,
    -5.5807102268044195E-01,
    -7.5328991605975958E+01,
    -7.5328969732945012E+01,
    -7.5328957831431012E+01,
    -7.5328935958794659E+01,
    -7.5328949671284022E+01,
    -7.5328927799885037E+01,
    -7.5328915899157607E+01,
    -7.5328894028153144E+01,
    -7.5331087919896859E+01,
    -7.5331065797123301E+01,
    -7.5331059530132180E+01,
    -7.5331037408559467E+01,
    -7.5330984450203403E+01,
    -7.5330962335620427E+01,
    -7.5330956070398344E+01,
    -7.5330933957016342E+01,
    -7.5327814021447580E+01,
