{
  "version":  "0.5.0",
  "energy":    -6.1280812217796984E+02,
  "energies": [
    -5.7057754530487714E-01,
    -5.7074512916656583E-01,
    -5.7057919776358590E-01,
    -5.7074635687623709E-01,
    -5.7071157589286514E-01,
    -5.7056016474038806E-01,
    -5.7070866961912214E-01,
    -5.7055674161271086E-01,
    -5.6712538288888736E-01,
    -5.6712963034727149E-01,
    -5.6710661115936933E-01,
    -5.6713101932420917E-01,
    -5.6723286974252607E-01,
    -5.6703241737306009E-01,
    -5.6721887361889822E-01,
    -5.6701835745288454E-01,
    -7.5469206555012136E+01,
    -7.5468536766517346E+01,
    -7.5467389890390919E+01,
    -7.5466714262863405E+01,
    -7.5459625632923050E+01,
    -7.5458977063785994E+01,
    -7.5458063382105010E+01,
    -7.5457428081488530E+01
  ]
}
