{
  "version":  "0.5.0",
  "energy":    -7.6536677785027496E+02,
  "energies": [
    -5.6856902820017829E-01,
    -5.6856986118546404E-01,
    -5.6822946910275007E-01,
    -5.6822211876372075E-01,
    -5.6664775596258821E-01,
    -5.6664637890904279E-01,
    -5.6428974792916919E-01,
    -5.6428581058818406E-01,
    -5.6615856253887575E-01,
    -5.6616115778396914E-01,
    -5.6614396727331162E-01,
    -5.6614013390260753E-01,
    -5.6890745707867951E-01,
    -5.6891230413159632E-01,
    -5.6810544031884680E-01,
    -5.6811061911199812E-01,
    -5.6581915567492391E-01,
    -5.6582211155419548E-01,
    -5.6804862120782229E-01,
    -5.6804889238584966E-01,
    -7.5410428877088052E+01,
    -7.5409756139087065E+01,
    -7.5404076058879511E+01,
    -7.5402792675038654E+01,
    -7.5402465418756535E+01,
    -7.5401242938424730E+01,
    -7.5399694369470367E+01,
    -7.5398501233355887E+01,
    -7.5398580408756018E+01,
    -7.5397401137814299E+01
  ]
}
