{
  "version":  "0.6.0",
  "energy":    -9.2048850145918414E+02,
  "energies": [
    -5.6254058873598478E-01,
    -5.6366928327926147E-01,
    -5.6511458106175161E-01,
    -5.6595857997498888E-01,
    -5.6454271691831803E-01,
    -5.6258605082336832E-01,
    -5.6366928239403635E-01,
    -5.6454270310841270E-01,
    -5.6254062130953220E-01,
    -5.6595858630756801E-01,
    -5.6258602241757427E-01,
    -5.6254058623374681E-01,
    -5.6454260542452384E-01,
    -5.6454265384950653E-01,
    -5.6366930655396719E-01,
    -5.6595859386459713E-01,
    -5.6258607867435650E-01,
    -5.6511464634546238E-01,
    -5.6511457887792660E-01,
    -5.6595865397270928E-01,
    -5.6258604010292268E-01,
    -5.6254068519665645E-01,
    -5.6511462016226011E-01,
    -5.6366945648810252E-01,
    -7.5586348638369145E+01,
    -7.5580127564040140E+01,
    -7.5579518255295824E+01,
    -7.5584188148889794E+01,
    -7.5577329820576253E+01,
    -7.5576956497686098E+01,
    -7.5577735400999302E+01,
    -7.5576571940418887E+01,
    -7.5581352216566202E+01,
    -7.5576347028376205E+01,
    -7.5574513954126616E+01,
    -7.5579864471762122E+01
  ]
}
