{
  "version":  "0.6.0",
  "energy":    -7.2303898079365918E+03,
  "energies": [
    -6.0686650273602705E-01,
    -6.0686678912470804E-01,
    -6.0686677845028936E-01,
    -6.0686556667670544E-01,
    -6.0686677428941860E-01,
    -6.0687036384139814E-01,
    -6.0686704998369745E-01,
    -6.0686914246972046E-01,
    -6.0690461801039519E-01,
    -6.0690369544610323E-01,
    -6.0689516142907651E-01,
    -6.0689710528433360E-01,
    -6.0690493711811166E-01,
    -6.0690373048510915E-01,
    -6.0689548056642140E-01,
    -6.0689714035223163E-01,
    -6.0689345910241010E-01,
    -6.0689665493273648E-01,
    -6.0689342632111398E-01,
    -6.0689632236738378E-01,
    -6.0689419275747125E-01,
    -6.0689592009664450E-01,
    -6.0689415998144625E-01,
    -6.0689558751128847E-01,
    -6.0681656138677664E-01,
    -6.0681579375970618E-01,
    -6.0681749264724938E-01,
    -6.0681703157782163E-01,
    -6.0681674157730303E-01,
    -6.0681615247726550E-01,
    -6.0681767285068922E-01,
    -6.0681739032175896E-01,
    -6.0472789184838327E-01,
    -6.0472739209545312E-01,
    -6.0472740712359674E-01,
    -6.0472740768559552E-01,
    -6.0472494928741993E-01,
    -6.0472460417539564E-01,
    -6.0472446452964890E-01,
    -6.0472461976842640E-01,
    -6.0681698967053255E-01,
    -6.0681616174121844E-01,
    -6.0681559177035349E-01,
    -6.0681493873654979E-01,
    -6.0681799655878033E-01,
    -6.0681771749218194E-01,
    -6.0681659742549288E-01,
    -6.0681649325641240E-01,
    -6.0652812420285429E-01,
    -6.0652764950836191E-01,
    -6.0653174898511519E-01,
    -6.0652072699568105E-01,
    -6.0652840254309792E-01,
    -6.0652759124019984E-01,
    -6.0653202734642409E-01,
    -6.0652066875882304E-01,
    -6.0716990900298118E-01,
    -6.0717049841960324E-01,
    -6.0716986801752382E-01,
    -6.0716867745307346E-01,
    -6.0716976290629332E-01,
    -6.0715852477925203E-01,
    -6.0716972192153218E-01,
    -6.0715670513111808E-01,
    -6.0653520652424830E-01,
    -6.0652536518097488E-01,
    -6.0653516839575350E-01,
    -6.0652497145244233E-01,
    -6.0653563373798058E-01,
    -6.0652400784048788E-01,
    -6.0653559561467374E-01,
    -6.0652361409822686E-01,
    -6.0624319046982389E-01,
    -6.0624316447591597E-01,
    -6.0624397380702177E-01,
    -6.0624379146479890E-01,
    -6.0624348927300897E-01,
    -6.0624350699868557E-01,
    -6.0624427263781300E-01,
    -6.0624413402586363E-01,
    -6.0574219861242795E-01,
    -6.0574225408813454E-01,
    -6.0574229628556375E-01,
    -6.0574246885791172E-01,
    -6.0575301382488689E-01,
    -6.0575287162049651E-01,
    -6.0575311146245781E-01,
    -6.0575308635522096E-01,
    -6.0624902988423823E-01,
    -6.0624900137578630E-01,
    -6.0624792997295185E-01,
    -6.0624794384005587E-01,
    -6.0625068123440728E-01,
    -6.0625078037803071E-01,
    -6.0624958008095120E-01,
    -6.0624972160859325E-01,
    -6.0671957298695700E-01,
    -6.0672648782896454E-01,
    -6.0671725630632078E-01,
    -6.0672655806270814E-01,
    -6.0671930435790888E-01,
    -6.0672671258165800E-01,
    -6.0671698761207959E-01,
    -6.0672678281969372E-01,
    -6.0668912699352617E-01,
    -6.0669653471957474E-01,
    -6.0670019439786027E-01,
    -6.0669649345320120E-01,
    -6.0668939108229525E-01,
    -6.0669672067458125E-01,
    -6.0670045861806132E-01,
    -6.0669667937717453E-01,
    -6.0810785316627292E-01,
    -6.0811516794282616E-01,
    -6.0811628722384692E-01,
    -6.0811466422529681E-01,
    -6.0810584244550547E-01,
    -6.0811524873670020E-01,
    -6.0811427674243146E-01,
    -6.0811474502121743E-01,
    -6.0668173310434781E-01,
    -6.0668828437787559E-01,
    -6.0668115189596628E-01,
    -6.0668820565318848E-01,
    -6.0669089950999511E-01,
    -6.0668863106501936E-01,
    -6.0669031860351297E-01,
    -6.0668855235419872E-01,
    -6.0671579497144768E-01,
    -6.0672297907795381E-01,
    -6.0671614268104024E-01,
    -6.0672331378189948E-01,
    -6.0671233396436375E-01,
    -6.0672345397889105E-01,
    -6.0671268165302106E-01,
    -6.0672378869830113E-01,
    -6.0661409350462581E-01,
    -6.0661411142499333E-01,
    -6.0660388263368581E-01,
    -6.0660385651439230E-01,
    -6.0661642333453336E-01,
    -6.0661643374903196E-01,
    -6.0660621266319947E-01,
    -6.0660617903424807E-01,
    -6.0659642866694796E-01,
    -6.0659638318259179E-01,
    -6.0660731025167836E-01,
    -6.0660729167950167E-01,
    -6.0659693640218815E-01,
    -6.0659688390205524E-01,
    -6.0660781759080173E-01,
    -6.0660779200807280E-01,
    -6.0650046682106162E-01,
    -6.0650044893472155E-01,
    -6.0649813401682640E-01,
    -6.0649807384462662E-01,
    -6.0650049818069152E-01,
    -6.0650039654194132E-01,
    -6.0649816537423573E-01,
    -6.0649802145457743E-01,
    -6.0650252366365631E-01,
    -6.0650251325731597E-01,
    -6.0650254050825747E-01,
    -6.0650252470459098E-01,
    -6.0649354694611846E-01,
    -6.0649351291621489E-01,
    -6.0649356380303476E-01,
    -6.0649352437168247E-01,
    -6.0658959967623605E-01,
    -6.0658969372978422E-01,
    -6.0658946255616564E-01,
    -6.0658948524633116E-01,
    -6.0659345798972852E-01,
    -6.0659341734914274E-01,
    -6.0659332087722961E-01,
    -6.0659320887391555E-01,
    -6.0661064708441492E-01,
    -6.0661071011088230E-01,
    -6.0661388043913023E-01,
    -6.0661379755536293E-01,
    -6.0659952921956761E-01,
    -6.0659965542280436E-01,
    -6.0660276228390930E-01,
    -6.0660274256657420E-01,
    -6.0810458413986979E-01,
    -6.0811201580013829E-01,
    -6.0810058110051401E-01,
    -6.0811184155606623E-01,
    -6.0811581658792047E-01,
    -6.0811194096219756E-01,
    -6.0811181349690913E-01,
    -6.0811176671959322E-01,
    -7.4105524555273917E+01,
    -7.4105515681589750E+01,
    -7.4105517739515847E+01,
    -7.4105519989655392E+01,
    -7.4105511783698773E+01,
    -7.4105506399416626E+01,
    -7.4105504967988750E+01,
    -7.4105510703325493E+01,
    -7.4105333941104561E+01,
    -7.4105335861090495E+01,
    -7.4105321923121778E+01,
    -7.4105328166194184E+01,
    -7.4105319690627567E+01,
    -7.4105321515631417E+01,
    -7.4105307671821606E+01,
    -7.4105313819998457E+01,
    -7.4104989524761095E+01,
    -7.4104984775437188E+01,
    -7.4104982721176768E+01,
    -7.4104978060591378E+01,
    -7.4104975198602091E+01,
    -7.4104981813284553E+01,
    -7.4104968395021601E+01,
    -7.4104975098867698E+01,
    -7.4105004851204384E+01,
    -7.4104995100562462E+01,
    -7.4104986553227135E+01,
    -7.4104977733251616E+01,
    -7.4104991186245002E+01,
    -7.4104981363454442E+01,
    -7.4104972887820580E+01,
    -7.4104963995715522E+01,
    -7.4104656560759040E+01,
    -7.4104646798043632E+01,
    -7.4104660275351264E+01,
    -7.4104650462476300E+01,
    -7.4104631835986041E+01,
    -7.4104622004860914E+01,
    -7.4104635555234736E+01,
    -7.4104625673936283E+01,
    -7.4102101588789111E+01,
    -7.4102091413401055E+01,
    -7.4102088346401473E+01,
    -7.4102083979143927E+01,
    -7.4102089694297533E+01,
    -7.4102077235547682E+01,
    -7.4102076451829049E+01,
    -7.4102069801254117E+01,
    -7.4101764772597363E+01,
    -7.4101755784070306E+01,
    -7.4101761151901925E+01,
    -7.4101749857404499E+01,
    -7.4101756067154000E+01,
    -7.4101740537705282E+01,
    -7.4101752446674922E+01,
    -7.4101734611034061E+01,
    -7.4102242641584667E+01,
    -7.4102233597701201E+01,
    -7.4102232184910960E+01,
    -7.4102224170297674E+01,
    -7.4102234965513929E+01,
    -7.4102226331487614E+01,
    -7.4102224508300282E+01,
    -7.4102216903591980E+01,
    -7.4101784268318525E+01,
    -7.4101776631049916E+01,
    -7.4101771656852264E+01,
    -7.4101763549227655E+01,
    -7.4101768293294469E+01,
    -7.4101760826962774E+01,
    -7.4101755681776936E+01,
    -7.4101747745063207E+01,
    -7.4101453187609280E+01,
    -7.4101444611522183E+01,
    -7.4101446544188263E+01,
    -7.4101438145601634E+01,
    -7.4101433090049454E+01,
    -7.4101425526158437E+01,
    -7.4101426446309532E+01,
    -7.4101419059955631E+01,
    -7.4102406243319209E+01,
