{
  "version":  "0.6.0",
  "energy":    -9.2112799805714417E+02,
  "energies": [
    -5.7407936752628475E-01,
    -5.7407936752630895E-01,
    -5.7407936752577660E-01,
    -5.7407936752628308E-01,
    -5.7407936752630961E-01,
    -5.7407936752577760E-01,
    -5.7407937372853157E-01,
    -5.7407937372820683E-01,
    -5.7407937372884155E-01,
    -5.7407937372853013E-01,
    -5.7407937372820550E-01,
    -5.7407937372884088E-01,
    -5.7407889924756395E-01,
    -5.7407889924757227E-01,
    -5.7407889924745681E-01,
    -5.7407889924756417E-01,
    -5.7407889924757094E-01,
    -5.7407889924745659E-01,
    -5.7407892840220476E-01,
    -5.7407892840236374E-01,
    -5.7407892840215191E-01,
    -5.7407892840220409E-01,
    -5.7407892840236330E-01,
    -5.7407892840215113E-01,
    -7.5615088700572372E+01,
    -7.5614609996551565E+01,
    -7.5614131292531198E+01,
    -7.5614385566195011E+01,
    -7.5613906862174190E+01,
    -7.5613428158153823E+01,
    -7.5611588280880071E+01,
    -7.5611109577772879E+01,
    -7.5610630874665645E+01,
    -7.5610885147847554E+01,
    -7.5610406444740363E+01,
    -7.5609927741633129E+01
  ]
}
