{
  "version":  "0.6.0",
  "energy":    -4.5969699564302056E+02,
  "energies": [
    -5.6850153803919956E-01,
    -5.6850584509706314E-01,
    -5.6850316965781100E-01,
    -5.6736380865714953E-01,
    -5.6735816621169566E-01,
    -5.6735618338139826E-01,
    -5.6773707854590705E-01,
    -5.6774965767533769E-01,
    -5.6773843236014954E-01,
    -5.6834053778265592E-01,
    -5.6834579651606154E-01,
    -5.6835575910467739E-01,
    -7.5482841411501084E+01,
    -7.5481648926971161E+01,
    -7.5480468273751114E+01,
    -7.5479911359892512E+01,
    -7.5478722324007606E+01,
    -7.5477547373868006E+01
  ]
}
