{
  "version":  "0.6.0",
  "energy":    -9.1904563723695333E+02,
  "energies": [
    -5.6934088678768635E-01,
    -5.6728405975260043E-01,
    -5.7001813126858170E-01,
    -5.6934105445408778E-01,
    -5.6728415288158063E-01,
    -5.7001810833901523E-01,
    -5.6934109447504522E-01,
    -5.6728416608263144E-01,
    -5.7001827936739102E-01,
    -5.6934106138755836E-01,
    -5.6728415026491041E-01,
    -5.7001811062776564E-01,
    -5.6934104810566299E-01,
    -5.6728416865345399E-01,
    -5.7001820015675853E-01,
    -5.7001807993792852E-01,
    -5.6934104438497490E-01,
    -5.6728414787477266E-01,
    -5.7001815089273078E-01,
    -5.6934111191766101E-01,
    -5.6728423751570223E-01,
    -5.7001811002816438E-01,
    -5.6934106464496803E-01,
    -5.6728417291720790E-01,
    -7.5452701263349311E+01,
    -7.5451576138883652E+01,
    -7.5451410479078518E+01,
    -7.5451840123053813E+01,
    -7.5451526420799027E+01,
    -7.5449629008094234E+01,
    -7.5449332981879706E+01,
    -7.5449070459427361E+01,
    -7.5446716872973610E+01,
    -7.5446513510278933E+01,
    -7.5446188295195384E+01,
    -7.5445984891220846E+01
  ]
}
